Date,AAPL,JNJ,Brent
2019-01-03,-0.10492469378053729,-0.016018099898208175,0.01876296988211938
2019-01-04,0.04180345998211034,0.016644027092210124,0.0196449214588163
2019-01-07,-0.002228272280098144,-0.006435442155922905,0.004720709006303803
2019-01-08,0.018883641392501767,0.022960923351533283,0.02395632623565265
2019-01-09,0.01683893795068055,-0.007957248264061864,0.045280661392873726
2019-01-10,0.0031915826106776565,0.00603183078000412,0.003898667715126005
2019-01-11,-0.009867164392901003,0.00030794430393245764,-0.019647009900367003
2019-01-14,-0.015150844355552142,-0.011393831499598788,-0.024944757834037812
2019-01-15,0.02025998072355262,0.008383936868365858,0.027586764800556062
2019-01-16,0.012142802612626657,-0.010256709892962873,0.011151317757887446
2019-01-17,0.00591989090339275,0.008167255052549446,-0.002285705315919485
2019-01-18,0.006140775296502336,0.012318068014977226,0.024541116096048442
2019-01-22,-0.022702022340271927,-0.014567277163685857,-0.019324284994496097
2019-01-23,0.004036238102550336,0.0,-0.0058708683326356235
2019-01-24,-0.007957894987375052,-0.013837461147507774,-0.0008181173204053084
2019-01-25,0.032599647679128124,0.009402402141993034,0.008962811390609006
2019-01-28,-0.009297641884393613,0.005909370117936451,-0.028133780987742323
2019-01-29,-0.010418293829839966,0.010334657644165508,0.022928829464541608
2019-01-30,0.06610045174964563,0.010001312680431074,0.005367205334185172
2019-01-31,0.007175580477198674,0.01087951971996591,0.0038853515283686166
2019-02-01,0.0004804655473620486,0.008380818785749214,-0.00032321361035935023
2019-02-04,0.028009050400183366,-0.009884829377331148,0.010291124813514302
2019-02-05,0.016964820253671298,0.0,-0.00851477211861337
2019-02-06,0.00034429132795394383,0.0009025189509645627,0.011390178405880486
2019-02-07,-0.019120987832033687,-0.0071682757157374285,-0.017053141074570954
2019-02-08,0.001174488753172647,0.002647048103776483,0.007597182062869693
2019-02-11,-0.005767659575450967,-0.0030261705355624814,-0.009546228435543314
2019-02-12,0.008580446282011302,0.016231649145822858,0.01468597157563929
2019-02-13,-0.004163567808594269,0.002158920780917056,0.01888499277771698
2019-02-14,0.003636795801942833,-0.0010418523001006767,0.014979201626170592
2019-02-15,-0.0022272334509616854,0.015294838723939398,0.02568556295423412
2019-02-19,0.0029879857929257067,-0.005072396324456936,0.003014274367296156
2019-02-20,0.006414526661066556,0.004852498188622662,0.009436225017961517
2019-02-21,-0.005654074650475102,-0.0068443173731705725,-0.0001491186900519486
2019-02-22,0.011103369463214932,0.008676249538955664,0.0007452575178838218
2019-02-25,0.007258533971253596,0.003677322866784024,-0.03579394128310552
2019-02-26,0.0005735033956238703,-0.0006609183537661791,0.006924655569117942
2019-02-27,0.0030926615935519147,-0.0017647590619475388,0.017933616172208
2019-02-28,-0.009884455802540342,0.0056511721996769975,-0.0054372678182606675
2019-03-01,0.010456042263167264,0.012437068251386593,-0.0003028876564772579
2019-03-04,0.005017328884951246,0.0009391845867668157,-0.00516410574268912
2019-03-05,-0.001821637586393903,0.00209192608063756,0.00288911389541259
2019-03-06,-0.005770407149466728,0.0023033234534706503,0.0019718968076693232
2019-03-07,-0.011642321361084167,-0.006129716134632797,0.00468676019804871
2019-03-08,0.002374130129680585,-0.0013028745519846443,-0.008482407480412051
2019-03-11,0.03405552078146758,0.0036148288019498915,0.012696723907517499
2019-03-12,0.011172962944820817,0.004464398954663703,0.0013507895170703145
2019-03-13,0.004412413368826829,0.0016514559912889656,0.013113060418447517
2019-03-14,0.011055043909383794,-0.010020589907303359,-0.00474848317094676
2019-03-15,0.012924293630263234,-0.003047606493728724,-0.0010417396755509206
2019-03-18,0.010156568389860149,-0.0031299679052030995,0.005642141775285756
2019-03-19,-0.007956152641265861,0.009216047513616436,0.0010358816173634152
2019-03-20,0.008700915320729074,-0.008341705074345266,0.013077835138059308
2019-03-21,0.03616802198769456,0.005882707008228182,-0.00938697691781971
2019-03-22,-0.020925951423258985,-0.008654521116577241,-0.012306506191789095
2019-03-25,-0.012164332064553076,-0.0021934650033579063,0.0026817702014118273
2019-03-26,-0.010385727290229615,0.014245621500015633,0.011244416958003902
2019-03-27,0.008953801355099414,0.0009374419081871212,-0.0020618473652370107
2019-03-28,0.0013257721033474981,0.0012967411121617845,-0.00014746975504730705
2019-03-29,0.0064964889617248325,0.0065315340606434255,0.008369473987729133
2019-04-01,0.006768141893722033,-0.0058113799191829895,-0.0005850653399633191
2019-04-02,0.014432048533267192,-0.009179947572396718,0.014812996144966239
2019-04-03,0.006831769679610882,-0.003929074416992744,-0.0008653762849861895
2019-04-04,0.0017391076812063027,-0.011732876287277195,0.0012977287940380946
2019-04-05,0.0066716484853401314,0.0044893171239921625,0.013453685483377718
2019-04-08,0.015613478192096693,-0.0002937163662420661,0.010746740365305407
2019-04-09,-0.003003016575549884,-0.004195600757750036,-0.006915529175932217
2019-04-10,0.005598382528511002,7.364919511603548e-05,0.015737330765680815
2019-04-11,-0.00835882021816676,-0.002732713145166945,-0.012626451320986847
2019-04-12,-0.0004022464978988577,0.005678549992887911,0.010113883037628627
2019-04-15,0.001808359074940821,0.003963391512381887,-0.005184664285132205
2019-04-16,0.00010047463733865767,0.010927573130990156,0.007557781387904967
2019-04-17,0.019285791228611023,0.003616443105000036,-0.0013952628376744374
2019-04-18,0.0035874910343874607,-0.007245503720724643,0.004874979561332032
2019-04-22,0.003280849739351667,0.002251412512895596,0.028356117589613764
2019-04-23,0.014320309397445524,0.014906630425788986,0.006327873165418013
2019-04-24,-0.0015431823981778023,-0.005015998673761755,0.0008049042272076805
2019-04-25,-0.009116624862350245,0.0032276542599884873,-0.0029546250799829714
2019-04-26,-0.0047854295051338236,0.005284844710100484,-0.0300363460146641
2019-04-29,0.0015163545902983063,-0.0039250762411863335,-0.0015257733522299752
2019-04-30,-0.019444017053000643,0.00967850621241868,0.010494464106037212
2019-05-01,0.04791876687770804,0.005297386946562008,-0.00013740141457032126
2019-05-02,-0.0065289428848651935,-0.004731144472007572,-0.028426059184472198
2019-05-03,0.012354731218204114,0.005153597551205347,0.0014124080765898453
2019-05-06,-0.015563143953171361,0.0005631984155264535,0.0054894838351330225
2019-05-07,-0.027327034564370363,-0.015032549990591238,-0.019274982473479717
2019-05-08,0.00019687515444456556,-0.00128657353157415,0.0069876290474481986
2019-05-09,-0.010802320683002232,-0.007611887789255155,0.00028412394000363244
2019-05-10,-0.01395013746333613,0.0023037980410586657,0.003262230443608004
2019-05-13,-0.05987683491201806,-0.013393575211143063,-0.005537811422582254
2019-05-14,0.015706278380597474,-0.00277357053944704,0.014278810465002028
2019-05-15,0.011908059992248041,0.0006573619211363668,0.007412086233416617
2019-05-16,-0.004409464473646383,0.009450798867305429,0.011773889138991876
2019-05-17,-0.005698091839505177,0.002889797859275639,-0.005661876023066196
2019-05-20,-0.03176906899952258,-0.0013717801665126454,-0.0033291453034220955
2019-05-21,0.01898930447771835,-0.002169510785094119,0.0029136209616350346
2019-05-22,-0.02068401116379509,0.004622957572480251,-0.016624011483322376
2019-05-23,-0.017216952281372756,0.00739561023019588,-0.04656691008908053
2019-05-24,-0.0038480930493497737,7.205135914065435e-05,0.013631581897949916
2019-05-28,-0.004143391394002802,-0.012902621026502059,0.020461782156331963
2019-05-29,-0.004780506196282384,-0.042778475889937426,-0.0094584206659494
2019-05-30,0.005173232492362411,0.005921582328057251,-0.03785654811921186
2019-05-31,-0.018281441296849867,-0.007293329693189243,-0.036240337242045215
2019-06-03,-0.010161888179252558,0.002208917501528228,-0.000620457862882993
2019-06-04,0.03593064473224806,0.017272287691114743,-0.039239265362107166
2019-06-05,0.01601432749417418,0.0048488781570871255,-0.021860578971725605
2019-06-06,0.014575137751319207,0.01697070601754548,0.017007721611645286
2019-06-07,0.02626887873047202,0.013588942132329633,0.025929793940579073
2019-06-10,0.012698534092069967,0.0033865676120620834,-0.01592643928893012
2019-06-11,0.011512933791869793,0.00545199781816107,0.0
2019-06-12,-0.0031875557693429946,0.01350110663031733,-0.03795645642822838
2019-06-13,-0.00020613712159772772,-0.006869735168773333,0.022098526638084214
2019-06-14,-0.007288885514075895,-0.00441635519934418,0.011352651120374797
2019-06-17,0.005948893960934168,-0.004650407370423178,-0.017405884271677333
2019-06-18,0.02324620363357537,0.005649476940340309,0.01950014312027087
2019-06-19,-0.002927173201150867,0.0015675639500879336,-0.0051629623752520405
2019-06-20,0.008003650324882162,0.012453439032918782,0.041662750266966274
2019-06-21,-0.0034149192521214368,-0.0008443919215520038,0.011569740092090141
2019-06-24,-0.0010066534782390787,0.00680354721992797,-0.005228311837040552
2019-06-25,-0.015273707001742404,0.008214334903734627,0.002925141583081484
2019-06-26,0.021398534213345553,-0.01670837943734985,0.02189527641321962
2019-06-27,-0.0003003403431897488,-0.008210907527884578,0.0009020624119706115
2019-06-28,-0.009153563707889013,-0.010072995812857736,0.0
2019-07-01,0.01817451181435586,0.0005744457809732062,-0.000751643035927434
2019-07-02,0.0058374310731938205,0.004796026169731775,-0.06363664783323916
2019-07-03,0.008252908107848202,0.014955651857479792,0.02250131623970765
2019-07-05,-0.0008809562189732577,-0.011106769956240237,0.006403827465685416
2019-07-08,-0.020829461279720407,0.0028415966831937,-0.001870076014416507
2019-07-09,0.006080709516958559,0.00311625562757582,0.0007796531164759836
2019-07-10,0.009840160515430466,-0.0014153990900018813,0.043461873228335626
2019-07-11,-0.007308964711652284,-0.007820399097240624,-0.007339290004658953
2019-07-12,0.007653388750914611,-0.04235139973863722,0.003002172486702639
2019-07-15,0.00935122451071415,0.0030481358431433737,-0.0036035753038188615
2019-07-16,-0.0034660682525011234,-0.01654168134852899,-0.03256429071262901
2019-07-17,-0.005639222788616097,-0.00484191022105965,-0.01078049087292614
2019-07-18,0.011295652034283697,0.0015913056049001607,-0.027551699579304142
2019-07-19,-0.015040118916432614,-0.013415826619401555,0.008681741168384636
2019-07-22,0.022596779752142894,-0.012898381665852278,0.012566730298565093
2019-07-23,0.007787172278665157,0.0015533269088207125,0.008970136609720562
2019-07-24,-0.000814060886833374,0.007269587059067298,-0.010235527750194904
2019-07-25,-0.00793874451281459,0.01027217891562468,0.0033183104633617263
2019-07-26,0.003471832865810958,-0.0029789293049694494,0.0011036610606482526
2019-07-29,0.009295282681512744,0.017365548358817085,0.003931750029958579
2019-07-30,-0.004301269828482949,-0.007091824760304167,0.015728769853365857
2019-07-31,0.020198833743764192,-0.014182346022492343,0.006928920636167162
2019-08-01,-0.02187671887033134,0.0005372875800782384,0.0003069081393724999
2019-08-02,-0.021385325484186958,0.005968974799360696,-0.051947514497679176
2019-08-05,-0.053767704711248046,-0.00696737711863086,-0.03418571187203467
2019-08-06,0.01875344075520746,0.0046756532613928545,-0.014652940007623709
2019-08-07,0.010302146835281679,-0.004291298406816091,-0.047069539846539825
2019-08-08,0.02181623214506145,0.01122602317203134,0.020245415004789057
2019-08-09,-0.008274439136143825,0.00273020126206379,0.019843593279120816
2019-08-12,-0.00254079979192012,-0.000833496115531253,0.0006831924441410312
2019-08-13,0.041476127889839134,0.011230776170102461,0.045557215604925726
2019-08-14,-0.0302171076256271,-0.023969763972825048,-0.030139716600311017
2019-08-15,-0.00499373672106074,0.002147294202528575,-0.02123943590813465
2019-08-16,0.02332035281118471,0.006261920764589726,0.007016369182219496
2019-08-19,0.01847255961110793,0.006752472717346998,0.01858479371421518
2019-08-20,4.7482580164426236e-05,-0.01255468729871389,0.004842576044706732
2019-08-21,0.01078024143327868,0.007095582800184359,0.004487674151877249
2019-08-22,-0.0008467481847600023,-0.0019786186311760838,-0.006321782430103127
2019-08-23,-0.047322741561603446,-0.027337673583757268,-0.009726691216548197
2019-08-26,0.018820988297897922,0.008013209072785759,-0.010843877602777193
2019-08-27,-0.011348229014382871,0.014294735527213383,0.01370459762065899
2019-08-28,0.006688255198493997,-0.007432513001335817,0.016333752414687208
2019-08-29,0.01678992927518598,-0.0034251577990730255,0.00970642046174417
2019-08-30,-0.0012924692601218493,0.0009353041283312856,-0.010698834904867777
2019-09-03,-0.014670729848542379,0.002956016040902338,-0.036569952702184626
2019-09-04,0.01682414374781695,0.0009317402140940297,0.04102798791311799
2019-09-05,0.019362935233861747,-0.002175211372773233,0.004110157810273293
2019-09-06,-9.366715626286061e-05,-0.0028819126364618823,0.00963351632609823
2019-09-09,0.004257992567688063,-0.009876129038336878,0.016918138603662796
2019-09-10,0.011743682259774525,0.020273561227608775,-0.0033607950721293435
2019-09-11,0.03130011206776912,0.01242716911950166,-0.025490456587049366
2019-09-12,-0.0022387037592892863,-0.005657397025056549,-0.007096329746749773
2019-09-13,-0.019645849964141378,0.002679903825445143,-0.0026533986442635956
2019-09-16,0.005243352278241804,-0.009526857771015486,0.13639172570842875
2019-09-17,0.0036315568173365172,0.0010030326581786156,-0.06695610446266652
2019-09-18,0.009335513195072117,0.005690394941245722,-0.014826718215806384
2019-09-19,-0.008157959458660246,-0.0023029457438680278,0.012500210449810064
2019-09-20,-0.014726114704205219,0.011766614367244419,-0.0018651349251711422
2019-09-23,0.004536589561719627,0.0006834926904834202,0.007593959487390615
2019-09-24,-0.004766203836037161,-0.0014433899594965378,-0.02612173600104777
2019-09-25,0.015272246719486316,-0.004265984195732285,-0.011315749025398902
2019-09-26,-0.005171050876917538,-0.016472003126493294,0.005594233175417871
2019-09-27,-0.0048779989881410826,-0.0019421062563191262,-0.013317514448802022
2019-09-30,0.02326289453788139,0.00604684105642751,-0.018420947661781824
2019-10-01,0.002764366589766441,0.004703883336665383,-0.0004936851840284054
2019-10-02,-0.025387491103968072,0.015344172823683984,-0.051683257756523174
2019-10-03,0.008458642357861982,-0.006154883346618141,0.0003466283944646246
2019-10-04,0.027646082068702477,0.018652325466452093,0.011371588058055477
2019-10-07,0.00022059398761601587,-0.0037477482182726824,-0.000342708334542745
2019-10-08,-0.01178436362123837,-0.009962305932445683,-0.001886899873853769
2019-10-09,0.011652040781582813,-0.020072760603494225,0.0013726497593633939
2019-10-10,0.013388328991302979,-0.0012390496812553018,0.01328581612583646
2019-10-11,0.02625075865908529,0.017435966814908714,0.023577714302103633
2019-10-14,-0.0014404667213771445,-0.004655644394050312,-0.019356517549723434
2019-10-15,-0.0023342975083926578,0.01608774411243726,-0.010331141000853432
2019-10-16,-0.004045475799539928,0.01738766273540078,0.011509884874015318
2019-10-17,0.003875413308517988,0.007371232358500711,0.008212594329881433
2019-10-18,0.004791305333651669,-0.0642205241332309,-0.008212594329881372
2019-10-21,0.017193974309140304,0.0025028408230233007,-0.007771606865859227
2019-10-22,-0.0022894739390578378,0.009175007443642472,0.012472800824970588
2019-10-23,0.013329628666459509,0.00540326628195258,0.024324810142493658
2019-10-24,0.0016435846763654758,-0.018648619343345454,0.008140715991621921
2019-10-25,0.012241047888984656,0.006644707025950156,0.005659361740979828
2019-10-28,0.009967300860098616,0.00644572471108008,-0.0072821870866544005
2019-10-29,-0.02339964756997865,-0.0004643739881053437,0.0003247882098775938
2019-10-30,-0.000123236349628862,0.028403076085131467,-0.016039616143090435
2019-10-31,0.022357765509213447,-0.006040508668865206,-0.006289346577970372
2019-11-01,0.027985449487094742,-0.006382070537896167,-0.000332123184582707
2019-11-04,0.0065457666931769505,-0.0074207179762514645,0.031390544996433734
2019-11-05,-0.0014378797221119338,0.0014578110472760887,0.01327060830051453
2019-11-06,0.0004275086658549316,0.004132102380172439,-0.019567543307670975
2019-11-07,0.01147521368625058,0.0035822569448131047,0.008868867703812141
2019-11-08,0.0027332847012479333,0.011874810479267268,0.0035256031286718392
2019-11-11,0.007887516524969959,-0.007698636238423071,-0.005293107553999163
2019-11-12,-0.0009160012914467892,-0.0047848274874284615,-0.0019317283898745428
2019-11-13,0.009536216563720102,-0.0006094179013767008,0.004982692263892031
2019-11-14,-0.006943632893265582,-0.0023641857968521134,-0.0014440460470118196
2019-11-15,0.011809336076056713,0.02993828759165506,0.016244989731819925
2019-11-18,0.005029573588358165,-0.0008154529447306512,-0.013679243443913651
2019-11-19,-0.0030370391536186938,-7.422319057447352e-05,-0.024808711310204533
2019-11-20,-0.011709953622003812,0.008273107323371087,0.02416793748531304
2019-11-21,-0.004493428164855263,0.0036709935248861267,0.02484894271590792
2019-11-22,-0.0008783248823995194,0.011876352075612882,-0.009108131876917286
2019-11-25,0.017381775435305676,0.00043727394660798824,0.0040932383088152545
2019-11-26,-0.007839152687921555,-7.282411061628845e-05,0.009693558175083323
2019-11-27,0.013342745068170191,0.004219219919094347,-0.00327280108169071
2019-11-29,-0.0022055962882326077,-0.0018892334676150295,-0.02577417210782786
2019-12-02,-0.011629298082753805,-0.000945925713526608,-0.00048063413337086315
2019-12-03,-0.017990709221748998,-0.0014572022006261605,-0.02564662259703861
2019-12-04,0.00878728240636253,0.01605604587715502,0.03521604916000201
2019-12-05,0.014564585170342785,0.0012904305042867735,0.006171384276027408
2019-12-06,0.019132077377217786,0.005858527738196822,0.01565222140355153
2019-12-09,-0.014099455977049901,0.0008544263097467291,-0.002176608295782254
2019-12-10,0.005827506478892605,-0.0036365173505783837,0.0013997411174678665
2019-12-11,0.008493451145844207,0.007047183680331099,-0.009682960693649902
2019-12-12,0.0025447886518653803,0.00255008463620549,0.007504658961598909
2019-12-13,0.013502054894767914,0.0002832781097225322,0.015763025917126205
2019-12-16,0.01697277013294372,0.002895451543203634,0.0018381610480748504
2019-12-17,0.001963494117576698,0.012405975764569333,0.011564373647292243
2019-12-18,-0.0023922649972302075,-0.002580662309243809,0.0010584365787517699
2019-12-19,0.001000515582038964,0.014972138764591445,0.005576123997391666
2019-12-20,-0.0020733039117849105,0.004873406031043347,-0.0060295860239122576
2019-12-23,0.016186607215188355,0.002597943300798405,0.0037727352121710925
2019-12-24,0.000950098384623372,-0.0034886942206892825,0.012126768578398346
2019-12-26,0.01964605718069937,-0.0006854895078179194,0.010657312928060159
2019-12-27,-0.00037948662635224964,-0.000548636162072848,0.003527421205089033
2019-12-30,0.005917726792276302,-0.0030924064749781955,0.004099548447015521
2019-12-31,0.0072796801675182425,0.003915247883742692,-0.0008771406515031878
2020-01-02,0.022560220169800426,0.0006855362048962276,-0.03164487917837022
2020-01-03,-0.009769744435119672,-0.011645419087528676,0.03485704762237492
2020-01-06,0.007936620453119254,-0.0012483668309469507,0.004508846023775064
2020-01-07,-0.004714024198171298,0.006088037994617749,-0.009330976253724733
2020-01-08,0.015958193410783018,-0.00013781679210187557,-0.042336652656713075
2020-01-09,0.021018444954457427,0.002962003882972975,-0.0010702499614657563
2020-01-10,0.002258103256088161,-0.0022722836267925115,-0.005983897738596964
2020-01-13,0.0211391414670243,0.004402063819822215,-0.012076418741234857
2020-01-14,-0.013595279471521823,0.005612274783865294,0.0045069767365515856
2020-01-15,-0.004294423887512418,0.0033385429388356797,-0.007627056537625708
2020-01-16,0.012448638954106113,0.008062628719947246,0.00964091954027014
2020-01-17,0.011010046243453711,0.006523748630290865,0.0035528843331520867
2020-01-21,-0.006800045042637421,0.0006701460741237634,-0.004017343886490598
2020-01-22,0.0035632803132384407,-0.0068567456779455105,-0.021597041346296558
2020-01-23,0.00480441122474557,0.0018869280863319249,-0.01868314893491948
2020-01-24,-0.0028861624885649995,-0.0014147178786714967,-0.022000435845585885
2020-01-27,-0.029846253824455826,0.002894654268159319,-0.022832405094638304
2020-01-28,0.027896610254302404,0.005029251595225577,0.0031978253268112916
2020-01-29,0.02071602735777176,0.006932678664611942,0.005028556565383941
2020-01-30,-0.0014500521874997836,-0.0011964240709675064,-0.02574232625347812
2020-01-31,-0.04535168124878898,-0.00995902307974873,-0.0022327371622046545
2020-02-03,-0.0027499008022828972,0.008694816828466248,0.000687537244641656
2020-02-04,0.03248019431151984,0.009477150026477917,-0.0756423534735404
2020-02-05,0.008121172140456788,0.015642191636035394,0.02416814300445346
2020-02-06,0.011629127649742475,-0.0029915869793840397,-0.006351504466979818
2020-02-07,-0.01368582842162999,-0.010739394321990031,-0.008409539104109088
2020-02-10,0.004738301289977409,-0.00019760819747163748,-0.022276784283960287
2020-02-11,-0.006051675261484661,0.0008558701236177623,0.013795854005654683
2020-02-12,0.023470495327646418,-0.005939108391299551,0.03242547473984197
2020-02-13,-0.007146829641436812,-0.006640517906134445,0.009810106888889
2020-02-14,0.00024625194221200044,0.00026630944482133244,0.017244832479332707
2020-02-18,-0.01848014518507443,-0.006615967233600465,0.007473751766003469
2020-02-19,0.014379191923970146,-0.0013420258974839816,0.023445909171141414
2020-02-20,-0.010312355996770361,-0.003834274812529523,0.0032086904320504698
2020-02-21,-0.022894937247215464,0.010458983252703304,-0.013751194767284064
2020-02-24,-0.04866582968111361,-0.020821777500041865,-0.03833223264348862
2020-02-25,-0.03445889251633027,-0.008672903320694158,-0.024270826860443455
2020-02-26,0.015738825758253448,-0.00672837359021788,-0.028051303052505274
2020-02-27,-0.06760258060336494,-0.03225176970791648,-0.023673106124270874
2020-02-28,-0.0005850942351126904,-0.03392165445951854,-0.0323299790137735
2020-03-02,0.08901844277156196,0.04036985407030792,-0.000792097378589769
2020-03-03,-0.03227454589512441,-0.032149659566588905,0.026970582714995545
2020-03-04,0.045340835375987584,0.05655999182439097,-0.01417636189764057
2020-03-05,-0.032974753486957685,-0.010298007424481495,-0.02254841098056453
2020-03-06,-0.013368826671513599,0.0001409260050668893,-0.09917844744180751
2020-03-09,-0.08239538799850854,-0.04015351542862213,-0.27575145668023454
2020-03-10,0.06954627631100528,0.03740370126012052,0.07995316913158396
2020-03-11,-0.035347718805873056,-0.07200306304098997,-0.039177733652602534
2020-03-12,-0.10397819427027155,-0.049697196037945646,-0.0745164094272906
2020-03-13,0.11315788510638944,0.06841302550504168,0.018786813349441232
2020-03-16,-0.13770839098665316,-0.05479136332954718,-0.11907631868840345
2020-03-17,0.04303094558209849,0.07177362136548038,-0.044920778534316815
2020-03-18,-0.024784581892798977,-0.01200515216938165,-0.14387762291816714
2020-03-19,-0.007691525496652435,-0.0603977925731213,0.13478664303200127
2020-03-20,-0.06559049663523599,-0.05800615443381782,-0.05375504335890181
2020-03-23,-0.02147301931063343,-0.07578389562481685,0.0018515518786137634
2020-03-24,0.0956062332543073,0.06984424910426465,0.004429646638048709
2020-03-25,-0.005524203418824846,0.00184421081543586,0.008800928661755294
2020-03-26,0.05128522385764431,0.058316302076905004,-0.03908925888310411
2020-03-27,-0.04228390555701057,-0.027311084123020968,-0.05501679233137187
2020-03-30,0.028138369038188876,0.07694006860968831,-0.09106729046232354
2020-03-31,-0.002042762130922801,-0.014235255638907344,-0.0008791410572241768
2020-04-01,-0.054051884534423354,-0.01785089298677438,0.000879141057224106
2020-04-02,0.016549015447234812,0.0331378138996202,0.2741907775146281
2020-04-03,-0.014475548234131063,0.007631457483813717,0.1303952174951018
2020-04-06,0.08363991723355411,0.04081900728569494,-0.031569071110885624
2020-04-07,-0.011649907981857511,-0.01644826737383622,-0.03635638845102778
2020-04-08,0.0252728396742537,0.04118279419694535,0.02998213446836474
2020-04-09,0.007189700513622909,-0.014271413368246742,-0.04229488022284128
2020-04-13,0.019437654164940338,-0.010391422288205797,0.008225298879325292
2020-04-14,0.04926907587132153,0.04381355584862174,-0.06980333366960965
2020-04-15,-0.00916895658160122,0.011100351438743246,-0.06670301774761381
2020-04-16,0.007914152735268801,0.013520801781904585,0.004683819055751004
2020-04-17,-0.0136615562276279,0.015579231886741127,0.009302400914947061
2020-04-20,-0.020975044856626306,-0.0023052042867281416,-0.09363779907240957
2020-04-21,-0.03139816479381397,-0.013207083127018477,-0.2797614880948595
2020-04-22,0.028396591369117583,0.021872483809221025,0.05240498216487274
2020-04-23,-0.0038830811017467734,0.016337592273269138,0.046051257468228475
2020-04-24,0.028460764771283138,-0.004188236412438205,0.005143832205583004
2020-04-27,0.0007065695228597935,-0.003687724240882272,-0.07002622404951277
2020-04-28,-0.016342031986923015,-0.018974602440651793,0.023239578713805414
2020-04-29,0.032317113975858666,-0.007625456730421914,0.0968198334532265
2020-04-30,0.020876635036775813,-0.0013323640098090795,0.11432639028548452
2020-05-01,-0.016230253639669057,-0.01173186893063189,0.0007911573680248167
2020-05-04,0.01404947325386216,-0.000134689668439158,0.07280790446816239
2020-05-05,0.014897359476936628,0.008261227860582167,0.12980197046260408
2020-05-06,0.010264392263271043,-0.009543753197656954,-0.04119877506806109
2020-05-07,0.01029187182286887,-0.00331432102109389,-0.008786816788218644
2020-05-08,0.02352268004645579,0.007492687978277833,0.04998559185627972
2020-05-11,0.015612996665711313,0.002753434891190052,-0.044231638552099606
2020-05-12,-0.011494065056695148,-0.013299961840021636,0.011743144143782788
2020-05-13,-0.012147528786658124,-6.786891774404675e-05,-0.02670427424354974
2020-05-14,0.006124722647611995,0.0034602947374450838,0.06434575433259176
2020-05-15,-0.005929888055833131,0.018787773295651625,0.04306813184116668
2020-05-18,0.02328794787759199,0.0005313342628940735,0.06866465193870404
2020-05-19,-0.005795258222606234,-0.010015167902036727,-0.0046069716015752216
2020-05-20,0.019261486728410594,-0.009033083578566869,0.03125249946719612
2020-05-21,-0.007483526897368616,-0.006589523314316191,0.008633986718653938
2020-05-22,0.006417930205976411,-0.009170466414232616,-0.026128759176288832
2020-05-26,-0.0067964921018450015,0.0013149428805854706,0.029174498658048966
2020-05-27,0.004347531161591058,0.002280440137693535,-0.0403381862123667
2020-05-28,0.0004401674001771224,0.01425375690207004,0.015707854502082244
2020-05-29,-0.0009747487306451606,0.012038564720716743,0.0011328495680979934
2020-06-01,0.01222286789140776,-0.010542767651481379,-0.0002831461027959938
2020-06-02,0.004618972218195528,0.007175557507142239,0.11362188058958285
2020-06-03,0.0054898151046686335,0.002694492707035027,0.005544399762786702
2020-06-04,-0.008649565363628181,-0.01300043293174646,0.005013817383071267
2020-06-05,0.02808303606773583,0.0038770989735970166,0.05615760318494942
2020-06-08,0.005895159303431707,-0.003604252199198157,-0.036105005305218985
2020-06-09,0.031089283600041852,-0.0055343270738105335,0.009270646299800497
2020-06-10,0.025402346550605994,0.012527469652723222,0.013267574623386852
2020-06-11,-0.04920106319883499,-0.0480225164049282,-0.07926420341537527
2020-06-12,0.008596292611634906,0.009045330548503318,0.004658401488872677
2020-06-15,0.0122914129849942,-0.006351542620348347,0.025240388202374158
2020-06-16,0.026156932803835874,0.022471255761768855,0.03074108846983184
2020-06-17,-0.0013923336810769402,-0.003050382122500746,-0.006122218353626866
2020-06-18,0.000397994803634586,-0.004244617628611021,0.019460581603823416
2020-06-19,-0.005730937813950381,0.0029242715737939867,0.016248871956385465
2020-06-22,0.025827287322933004,-0.0030636463585290833,0.020875701205685198
2020-06-23,0.02112019299056001,-0.0037029520349702388,-0.010500638959176096
2020-06-24,-0.017809775809662733,-0.021509141158500576,-0.05595864463528123
2020-06-25,0.013188241488683765,-0.0010737993177162744,0.018191206115502866
2020-06-26,-0.031207653075350995,-0.013406430825192696,-0.0007310535090646587
2020-06-29,0.02278496605016483,0.008885589648161286,0.016681122455266886
2020-06-30,0.008313198332991907,0.01137105740960966,-0.013516922055050208
2020-07-01,-0.0018933975950248048,-0.0017794642027457663,-0.00048615599239310584
2020-07-02,0.0,0.004194028878667764,0.0477128186012697
2020-07-06,0.02639849756056957,0.014157689636252462,-0.0009276651063729722
2020-07-07,-0.003107392464615168,-0.000909542443725039,-0.00046406691470096575
2020-07-08,0.023022913314339366,0.002935717915467368,0.004862787810814128
2020-07-09,0.004291065009507088,-0.005459077847165634,-0.02195329753472752
2020-07-10,0.0017479167557131368,-0.0008425369292149599,0.020797646520598415
2020-07-13,-0.004623902308851771,0.01975157589916248,-0.012098808362012454
2020-07-14,0.016412949071156216,0.018490614066462872,0.004204638275793083
2020-07-15,0.006853625302990216,0.002295817748280623,0.02053364021828735
2020-07-16,-0.012381103462305323,0.006655205918897245,-0.009637568501230345
2020-07-17,-0.002022281376011852,0.0006697878039305937,-0.005317306406448919
2020-07-20,0.020854918469858895,0.0016727917713982609,0.0032399795205883255
2020-07-21,-0.013897897057806417,0.0009353169143869579,0.023745429219853145
2020-07-22,0.0028054848321788957,0.0018013426560912257,-0.0006770969469888953
2020-07-23,-0.04658502377465404,-0.002669806067821095,-0.022375351671364563
2020-07-24,-0.00248027678812753,-0.010009411277242837,0.0006924126939906257
2020-07-27,0.023423753218021696,-0.006366545397288206,0.0016138261675317847
2020-07-28,-0.016563924215776165,-0.002380683840771473,-0.004386446473781735
2020-07-29,0.018987012441189006,-0.0019770009832976877,0.01218823348094314
2020-07-30,0.012027577800900373,0.002045345779368559,-0.01868785233461492
2020-07-31,0.09956337034119261,-0.007382396461599758,0.008348856919586712
2020-08-03,0.02488544945786423,0.010849418976884965,-0.00092423566319307
2020-08-04,0.006655917491864572,-0.0008829002692682453,0.0266865420911023
2020-08-05,0.0036180681358518336,0.007983528849664093,0.01651818531304302
2020-08-06,0.034294489200376185,-0.005744245933092431,-0.0017726133124807252
2020-08-07,-0.022998205693731448,0.007091151675566023,-0.015420992012246164
2020-08-10,0.014430076459717054,-0.003843342798749367,0.013200776355812464
2020-08-11,-0.030190988954145664,-0.007186260214016953,-0.01095109098843846
2020-08-12,0.032693946812304635,0.018137429495983664,0.020683497316612006
2020-08-13,0.017542821205709505,-0.011153884270980236,-0.010399501266523828
2020-08-14,-0.0008915434136770341,0.001620456494690223,-0.0035650628312419866
2020-08-17,-0.002614312092905064,0.005046628520240264,0.012642947742507515
2020-08-18,0.008298389505438082,0.007355872295301266,0.0019817281516637426
2020-08-19,0.0012538321031017028,0.0019967916515564385,-0.001981728151663667
2020-08-20,0.02194697534696899,0.006825498138431387,-0.010413241401400354
2020-08-21,0.050248452638174575,0.008810612065112002,-0.01232515438194692
2020-08-24,0.01188948903501245,0.002632474243150474,0.01743456315622975
2020-08-25,-0.00823768179735132,-0.0005916310531048147,0.016046053232345373
2020-08-26,0.013507418060108101,0.0015769423660897802,-0.004808779118073258
2020-08-27,-0.012026325129739432,0.004455222615458077,-0.012124015803636272
2020-08-28,-0.0016212863407281657,0.004304824630748532,-0.0008875286981128289
2020-08-31,0.03334993141220496,-0.0014981926381853637,0.001109245556443143
2020-09-01,0.039059818615705254,-0.012396506584121728,
2020-09-02,-0.020936173148887616,0.015130479853000029,-0.014967288858892402
2020-09-03,-0.08344776663129186,-0.028217414077523345,-0.008135651887405384
2020-09-04,0.0006616633209862022,-0.006439612618074996,-0.03251756246273213
2020-09-08,-0.0696664393354585,-0.008991191631958677,-0.06989746672689436
2020-09-09,0.0391117292199883,0.016433461504526462,0.025072733034891142
2020-09-10,-0.033190478270228516,-0.01881297839000422,-0.018058611255837968
2020-09-11,-0.013215901679552531,0.005904253392423377,-0.005757921353226758
2020-09-14,0.029558796166032363,0.003849995007568029,-0.005538816122446678
2020-09-15,0.0015590430825490737,0.0036332550077008852,0.02296078347885669
2020-09-16,-0.029957764207689905,-0.0032964088796263386,0.04085166081137687
2020-09-17,-0.01609248702593195,-0.008323088776975972,0.02525854605550947
2020-09-18,-0.032234141692491385,0.013565409812509735,-0.0034701644969594696
2020-09-21,0.029875009674563746,-0.027730441918453166,-0.0404358880796707
2020-09-22,0.01559361987551998,-0.0061526946502125784,0.006734094580029052
2020-09-23,-0.04285111684886989,0.001593694958097405,0.0011977300762390673
2020-09-24,0.01021621626777673,0.0015910431269517693,0.004061603261357402
2020-09-25,0.0368296870475803,0.006819906576450381,-0.00047699639654470016
2020-09-28,0.023588546313286936,0.009905314242704367,0.012092670073640416
2020-09-29,-0.007596759091183539,-0.0003401428301767179,-0.03355218970406972
2020-09-30,0.01496330722454837,0.012300450242750765,-0.001951647772538406
2020-10-01,0.008426840482628237,-0.010533675907136693,0.0002441294494318741
2020-10-02,-0.032812934073852267,-0.007357969630830341,-0.04213507813276315
2020-10-05,0.03032658178647049,0.013515911212324726,0.05015948182435251
2020-10-06,-0.029088603932204814,-0.013379123216864694,0.03240694764334992
2020-10-07,0.016824905344168428,0.011015195808324016,-0.015595775045335965
2020-10-08,-0.0009563626292206121,0.0068066198301630155,0.03164446495981678
2020-10-09,0.017246181969476082,0.013873419817925572,-0.011370390194918353
2020-10-12,0.06158466435594412,0.005746037908415385,-0.026724950042017824
2020-10-13,-0.026885506690986504,-0.02318574167332092,0.017346271338022776
2020-10-14,0.0007429726975015135,-0.0017536990364564586,0.02028748435808724
2020-10-15,-0.003968549551376879,-0.006163590989999558,-0.0037002782335708996
2020-10-16,-0.014099450042473332,0.006163590989999587,-0.0053432475093805635
2020-10-19,-0.025873691406208234,-0.025854555752386373,-0.007247287736043632
2020-10-20,0.013105619403460483,0.0015923647955086993,0.012590535245424164
2020-10-21,-0.005461267009227258,-0.0042984780565901775,-0.03369385322072633
2020-10-22,-0.009629510739376373,0.007958124931275469,0.0173421510791892
2020-10-23,-0.006152781232479385,0.0011024056043653734,-0.016384045244762887
2020-10-26,8.677925502004045e-05,-0.008782583411192948,-0.03186458035659627
2020-10-27,0.013382656956648385,-0.005712125137123561,0.018124465761791213
2020-10-28,-0.047419039729753046,-0.034034094372060175,-0.05180445701037138
2020-10-29,0.03638063235188923,-0.008492254984934874,-0.038300823089163036
2020-10-30,-0.057648346224582474,-0.0005830277304002238,-0.00505932219808382
2020-11-02,-0.0008271601548854957,0.011457544691486299,0.0
2020-11-03,0.015236938295988694,-0.0013709580860953505,0.05832934951201497
2020-11-04,0.040024899707383356,0.006477362330470191,0.03756311352829917
2020-11-05,0.03487821345165559,0.002579002500312209,-0.0073028376557711565
2020-11-06,-0.0011366081607279163,0.017659694753065114,-0.03682923132906704
2020-11-09,-0.020170061414975637,0.02656809408172712,0.07211433159433533
2020-11-10,-0.0030136367277115196,0.01494800643674702,0.028138097624732464
2020-11-11,0.029901231103306565,-0.003242313406162541,0.004347304113337351
2020-11-12,-0.0023460232975288054,0.0033774459873878956,-0.00618347244228653
2020-11-13,0.00041923183260354513,0.010730818647838111,-0.017379652401580625
2020-11-16,0.00868280152920471,0.006317655646510277,0.02401965208319272
2020-11-17,-0.007593229899127435,-0.009993246442450044,-0.001598714399393454
2020-11-18,-0.01145667383160795,-0.013346333188638902,0.013395594825856639
2020-11-19,0.005154787567513512,-0.0015618706230067076,-0.003162401284754138
2020-11-20,-0.011017854746455941,-0.005315081754594849,0.01704837887755679
2020-11-23,-0.030193857177254133,-0.010234669596371504,0.024171738985519026
2020-11-24,0.01152738347433165,0.0,0.03833517102527877
2020-11-25,0.007439579518181564,-0.0013213127269341492,0.015549188380373995
2020-11-27,0.004814756497266184,0.0022245223086279882,-0.008885280092653337
2020-11-30,0.02087995926849649,0.004711117427881367,-0.012321345181480616
2020-12-01,0.03036184467300407,0.01896466291701911,0.000420177686925247
2020-12-02,0.0029292162935993286,0.004668986594439387,0.013352991758749056
2020-12-03,-0.0011381413957743055,0.005788349736305561,0.009488501237986221
2020-12-04,-0.0056283734964635125,0.008487483232312536,0.01102503859511686
2020-12-07,0.012195225689343545,-0.008688963007406153,-0.00938397502570075
2020-12-08,0.005078125913749725,0.017170673518995257,0.0010242597743471097
2020-12-09,-0.02112536796509217,0.010175750880200524,0.00040942595469555134
2020-12-10,0.011917571952208482,-0.005567215956126895,0.0280514686177455
2020-12-11,-0.0067575103483126266,0.0045868488678871555,-0.005587697154352032
2020-12-14,-0.0051600616038958436,-0.025694876750107155,0.00638341860399824
2020-12-15,0.0488762884555845,0.010012029952432533,0.009302341390633285
2020-12-16,-0.0005475184278153224,-0.00599527018483077,0.006284457231676039
2020-12-17,0.0069392963209256725,0.02604907490089509,0.00818874065854965
2020-12-18,-0.015977741594128608,0.005776736588219705,0.014649420305155892
2020-12-21,0.012319068200701111,-0.009690121086691391,-0.026171863057810392
2020-12-22,0.028067006125288625,-0.001962395671912512,-0.016437601562599994
2020-12-23,-0.007000572572179474,-0.005120280958983208,0.02211778359218723
2020-12-24,0.007682720293742699,0.0034820225767124282,0.0017562723045701886
2020-12-28,0.03514104476808184,0.004711250489543022,-0.00841904725659924
2020-12-29,-0.01340421381385013,0.006182354141809596,0.00451201433476139
2020-12-30,-0.00856339662050874,0.0123149772628919,0.004881392085744301
2020-12-31,-0.007732471101599145,0.008486701428325295,
2021-01-04,-0.025029812728651485,-0.0056071901934907145,-0.004881392085744216
2021-01-05,0.012287872568576007,0.011688708634925991,0.047960253279510354
2021-01-06,-0.03424106705049614,0.00936596080155784,0.01297517328057341
2021-01-07,0.033553919041367966,0.0033732968176695233,0.0014722459565775809
2021-01-08,0.008594218896896771,-0.0020602281797929894,0.029176674492759236
2021-01-11,-0.023523352901563186,-0.004195144038092271,-0.005911379982459529
2021-01-12,-0.001396420909746109,-0.0078110608363674925,0.016393844879329024
2021-01-13,0.016096321419140764,-0.0015188263140334581,-0.0092330280021964
2021-01-14,-0.015242687894133309,0.01732933024606712,0.006401102886400397
2021-01-15,-0.01382578318946363,-0.002180980188523843,-0.023673984653883217
2021-01-19,0.005412421602739839,0.015352532246536175,0.014414718991668345
2021-01-20,0.03232807169953236,-0.0024601887576306217,0.0032148679194607074
2021-01-21,0.03600236456120955,-0.004011095734120614,0.0003565099522874926
2021-01-22,0.015945665203175752,0.011190567912363983,-0.012375705203921518
2021-01-25,0.027307755960401747,0.014748330600012696,0.008446473377745437
2021-01-26,0.0016778547487791358,0.026750807084058324,0.0005366988061771741
2021-01-27,-0.007713245648971887,-0.015368464767011177,-0.0017901629025017802
2021-01-28,-0.03561225662590433,0.007595479131627351,-0.005029696136134952
2021-01-29,-0.038138677934000206,-0.03629744313208304,0.006283160232459482
2021-02-01,0.01638516737627782,-0.0025779196689157476,0.0
2021-02-02,0.006316890626634934,-0.009013655400293521,0.027882484114637816
2021-02-03,-0.007808830058890138,-0.004661929546880485,0.017253706404506845
2021-02-04,0.02543140565619427,0.009240700152316811,0.0064791543041532035
2021-02-05,-0.0031026572456924408,0.015071755153899238,0.008461719107588117
2021-02-08,0.0010962217530412583,0.0028541122292188607,0.0203510143716361
2021-02-09,-0.006595314686579803,0.008152178992401851,0.008713557353702227
2021-02-10,-0.004568809888814827,0.003242653672595436,0.0062010816180050905
2021-02-11,-0.001922304528541278,-0.0045060902653647535,-0.005382964297599755
2021-02-12,0.0017746013584343243,0.0031263879647640165,0.02087962748210367
2021-02-16,-0.016235241643611835,-0.009106189722671984,0.014628948718721429
2021-02-17,-0.017801378352830726,0.0035681649672255223,0.015506582212135545
2021-02-18,-0.008673970963500664,0.00048271241251189714,-0.0063927253405688935
2021-02-19,0.0012326373016071151,-0.016792942616413446,-0.016083608395784883
2021-02-22,-0.030252149306538877,-0.0006176653082698225,0.0363676138521867
2021-02-23,-0.001111694725725798,-0.00887332516919336,0.0019907346319477173
2021-02-24,-0.00406023295347802,0.01331155487233724,0.025225990189683894
2021-02-25,-0.035401943229823034,0.0010450965573029938,-0.0023895421211313534
2021-02-26,0.0022290481862857433,-0.02677443014383149,-0.011277467555631823
2021-03-01,0.05245130264387643,0.0054124181061187375,-0.002725627263986551
2021-03-02,-0.02111496519743824,-0.0018845943211706188,-0.050535373082543626
2021-03-03,-0.024760630902935173,-0.01776490731994484,0.021614771080799934
2021-03-04,-0.015938172697206893,-0.020369991509481336,0.04082821042721123
2021-03-05,0.010680943344478501,0.019601835839687397,0.03850589995706988
2021-03-08,-0.042566616226978916,0.008293264017197963,-0.016279469393293035
2021-03-09,0.03984522945397564,0.001904077909134067,-0.01060707130867429
2021-03-10,-0.00920886700116061,0.009152641247033718,0.0056122564670115565
2021-03-11,0.016367848783722983,-6.286436484550267e-05,0.025159412471977827
2021-03-12,-0.007654506076052774,0.002886432920554622,-0.005905613666751599
2021-03-15,0.024162455638761744,0.0051248477819961814,-0.00492403559772953
2021-03-16,0.012662322498671818,0.0059042919657959995,-0.007139214059158822
2021-03-17,-0.006471445140746429,-0.003724936062344071,-0.005718901009324729
2021-03-18,-0.03449324504995209,-0.0018678906074538688,-0.07193840100721295
2021-03-19,-0.004490103343060739,-0.002683205466864041,0.019560908862023073
2021-03-22,0.0279415771414019,0.0028701206511085615,0.0013937898690251484
2021-03-23,-0.006912526284927219,-0.0009348221922014522,-0.0610986860788184
2021-03-24,-0.02019615940966928,0.009681681340272735,0.05784364059389785
2021-03-25,0.004154920098735396,0.00037047152180998437,-0.03894133702446334
2021-03-26,0.0051282328299760834,0.018110035564905907,0.04142228152153926
2021-03-29,0.0014839518660216737,0.006707629011996961,0.0063296799898833415
2021-03-30,-0.012350515830513942,-0.0062228734014586,-0.013011397152899031
2021-03-31,0.01859179142756534,-0.0040077908040949415,-0.009398541499034614
2021-04-01,0.006934583811368496,-0.009291460972503688,0.0009438031042224588
2021-04-05,0.023303606931533546,0.003677999104379113,-0.02306260384599845
2021-04-06,0.0024591914443692145,-0.0002447930428965399,0.009448387006998987
2021-04-07,0.013301527401938806,0.0013457726449860603,0.006671957456276928
2021-04-08,0.01905099822765024,-0.003919469899463636,0.0006331262530915522
2021-04-09,0.020049216335852913,-0.010610098886362378,-0.003963540614513474
2021-04-12,-0.013321026895074854,0.0024156542784901235,0.00522853155876869
2021-04-13,0.024015500153675855,-0.013453355722537322,0.006144161101524169
2021-04-14,-0.018014278694117307,0.0027552799833917402,0.04469079437803289
2021-04-15,0.018535219498183333,0.0029346493478368658,0.005392472606289403
2021-04-16,-0.0025311601987887725,0.011468350372365337,-0.002542904661040013
2021-04-19,0.0050555843909569,0.002770069058337048,0.0041848276486442905
2021-04-20,-0.012913041885964243,0.0230284351595352,-0.007184634214016132
2021-04-21,0.002925629757130585,0.0006604244202804095,-0.018955757598075343
2021-04-22,-0.011754228160560286,-0.008500088248082823,0.0012240183643813882
2021-04-23,0.01787783184963969,0.002056479305958696,0.010797748783215913
2021-04-26,0.00297341356397099,-0.00849441237121754,-0.006982406586411758
2021-04-27,-0.002452161857104197,-0.005743760834512335,0.01166056438934014
2021-04-28,-0.006045669475652155,-0.0073809080710253066,0.0127161337543469
2021-04-29,-0.000748747742812579,0.013612220065435788,0.01899491654462169
2021-04-30,-0.015249070472027643,-0.008992848682222786,-0.01929222019779917
2021-05-03,0.008181662382631247,0.01512521755791888,0.0005946323239749465
2021-05-04,-0.03602666124773911,0.015376332483987063,
2021-05-05,0.0019534860028396946,-0.004181030807830429,0.02451496227330551
2021-05-06,0.01272126003083478,0.004002314709724341,-0.01269630736772097
2021-05-07,0.005313132517111884,0.004520575355088327,0.002786574336830026
2021-05-10,-0.02614321328534812,0.010449624126594257,0.0005856649651178476
2021-05-11,-0.007437885743388542,-0.008197025816214206,0.003360905513580224
2021-05-12,-0.025254753523903363,-0.004034525522767489,0.011170009917948951
2021-05-13,0.017761006793819006,0.010409301585214924,-0.03329480520264059
2021-05-14,0.019650506081776885,0.0015285190630004825,0.024456080476126348
2021-05-17,-0.009301771567539769,0.0009982742085495849,0.010856298416815794
2021-05-18,-0.011309345329079047,0.0003520371146841309,-0.010856298416815884
2021-05-19,-0.0012823551127815525,-0.0021729049087255304,-0.030289607901744217
2021-05-20,0.020794348949220384,0.005803738385021202,-0.023526971193795685
2021-05-21,-0.014877154504918218,-0.0006430267009839991,0.020221164868192993
2021-05-24,0.013226353880575683,0.0038182883724384243,0.029950298237743568
2021-05-25,-0.0015748130361553886,-0.0027593887165825613,0.0027715347120448085
2021-05-26,-0.0003941368876260627,-0.005956113039130187,0.0031995549963681194
2021-05-27,-0.012454028489992254,-0.0015391257676039677,0.008530324698006304
2021-05-28,-0.005362395752277777,0.0026030265161968735,0.0024444353737848564
2021-06-01,-0.00265173868640129,-0.022224462352204745,0.0
2021-06-02,0.006256507409845786,0.004039438745327417,0.02440185302794478
2021-06-03,-0.012228682028850496,-0.000963171930183192,-0.0005607867333246127
2021-06-04,0.018843588445737754,-0.00042163002273352246,0.008100628702012601
2021-06-07,7.952716059856906e-05,-0.006831882679505238,-0.005579614608472627
2021-06-08,0.006649732562025898,-0.00883529217340719,0.010159482854643425
2021-06-09,0.003072365211262452,0.01337484980826732,0.0
2021-06-10,-0.00805551451434417,0.008958053585820393,0.004145306845011569
2021-06-11,0.009784547682526647,-0.01276978797242854,0.0023415174862060485
2021-06-14,0.024280734688694815,0.0024824498214520174,0.002335942874371047
2021-06-15,-0.006458392760289143,-0.005335479458652426,0.015390120108114717
2021-06-16,0.003925981814956411,-0.0003651354174474769,0.005391595932918977
2021-06-17,0.012522204587963857,0.004793184280269226,-0.017766759433208656
2021-06-18,-0.010142914271634754,-0.019805106131538647,0.005866723881113683
2021-06-21,0.014005441084186894,0.011417418915536392,0.018732430448986422
2021-06-22,0.012618214608451158,-0.0013438946741224146,-0.0012023776458336068
2021-06-23,-0.0020920291690028525,-0.006068812552978823,0.0050667426102065545
2021-06-24,-0.0021713433447000715,0.004540146448894237,0.004908734462717795
2021-06-25,-0.002251049176652708,0.005128495453317268,0.008171954733961775
2021-06-28,0.01246762790518766,-0.001157790113571625,-0.019886642296473134
2021-06-29,0.011434796892990592,6.101728868549659e-05,0.0010706884019053417
2021-06-30,0.004610390168674135,0.004319041715929368,0.004936898661468477
2021-07-01,0.0022612323630967616,0.0073783189893122676,0.009405899836116562
2021-07-02,0.019406599811622925,0.018033511008487737,0.004341850686185245
2021-07-06,0.014611493820777498,-0.0059949047717564015,-0.021765947830722297
2021-07-07,0.017795882045042153,0.00853643436366219,-0.014869136895392224
2021-07-08,-0.009242336878283814,-0.0019500081970618727,0.009352862853512382
2021-07-09,0.012970385300859876,0.003954988459523674,0.019109290639589112
2021-07-12,-0.004212623134652935,-0.0015918128954844428,-0.005175505843186665
2021-07-13,0.00785829464810329,-0.0012400145756742541,0.017540762136098776
2021-07-14,0.02381473134048343,0.006770945822353818,-0.022876974243669163
2021-07-15,-0.004502261700413609,-0.01210215078995446,-0.017405834914699665
2021-07-16,-0.014175849090847547,-0.001604870570809997,0.0016319209276507332
2021-07-19,-0.027283218972920933,-0.0072839485265268865,-0.06992501971855172
2021-07-20,0.025642237803161518,0.009363954292792563,0.010582047301988126
2021-07-21,-0.005144865120591997,0.006155038826577629,0.040689393780107636
2021-07-22,0.00958255674463598,0.002886553751320673,0.021367714939107708
2021-07-23,0.011918019463860476,0.010592206284563041,0.004192278232407083
2021-07-26,0.0028900113319796027,0.00046567835955954037,0.0053836136756307785
2021-07-27,-0.015012341326382904,0.004585882528614342,-0.0002684473450921285
2021-07-28,-0.012270979090783183,-0.0027840338596952273,0.0034847174347579775
2021-07-29,0.004541958617819099,0.0,0.01737566335842925
2021-07-30,0.001509555111540137,0.00011634349334887711,0.0036750109654332366
2021-08-02,-0.00233388124130422,0.0004062834548616199,-0.04611462277851875
2021-08-03,0.01256517880007806,0.012231129022292347,-0.006606985045159602
2021-08-04,-0.0027862782823985695,-0.005923749518853893,-0.02843536910696152
2021-08-05,0.0007483338377655879,0.0019018163006746477,0.012846985103431453
2021-08-06,-0.004778583029962389,-0.0033449144557639067,-0.008310548234198974
2021-08-09,-0.0003420968046570999,0.003460151777014258,-0.0237594697016377
2021-08-10,-0.003359500520043274,0.0003453481193072699,0.022768884497928955
2021-08-11,0.0017839217239973403,0.00017258198894984207,0.011403026208536598
2021-08-12,0.020560531293328646,0.008022788246276575,-0.0018214349387710993
2021-08-13,0.0014093455669740265,0.0059753888114960855,-0.010148096274897912
2021-08-16,0.013457111945317545,0.008980899003458904,-0.015417781683692445
2021-08-17,-0.006173222120220912,0.009123774338647346,-0.006929482813378128
2021-08-18,-0.025831725236235933,-0.012785442250721571,-0.011656775004134097
2021-08-19,0.0023204100101930996,0.00775799454420802,-0.026434660793961094
2021-08-20,0.010105446510268942,0.004860226824079229,-0.019297061142166023
2021-08-23,0.010204799930469634,-0.00432598459966683,0.0533240584552189
2021-08-24,-0.0006012717258716677,-0.012578010149378151,0.03290716094868432
2021-08-25,-0.008456925445048582,-0.006636097863783807,0.016748429497176472
2021-08-26,-0.00554249025722393,-0.005351929983080379,-0.016467024447754646
2021-08-27,0.007158817132919041,-0.0021374247320643793,0.02267604001727452
2021-08-30,0.02996380915956744,0.004212718104615508,0.00971887344632933
2021-08-31,-0.008460533190377753,-0.00305666348090736,-0.0057377998122904224
2021-09-01,0.0044687176932200565,0.0035172450248171345,-0.01936706794193126
2021-09-02,0.007447181269424445,0.0068259522559740915,0.019914950662757985
2021-09-03,0.004221349969730156,0.0006286139428993717,-0.005767637118883045
2021-09-07,0.01537068463166738,-0.015661045851443695,-0.012751359878217464
2021-09-08,-0.010134921576834625,-0.0024406542188518928,0.012613598893308136
2021-09-09,-0.006727345567303473,-0.022532252304478646,-0.015967039149054684
2021-09-10,-0.033662229641080975,-0.006566480372856459,0.02036506303592312
2021-09-13,0.0038859569659204316,-0.007031821433731186,0.008058555746399493
2021-09-14,-0.009608253643956401,-0.006049605462566885,0.001223524556377764
2021-09-15,0.006125071990218337,0.003754945799140985,0.024957697400766414
2021-09-16,-0.001611659499359496,-0.001209771321437119,0.002779054104988875
2021-09-17,-0.018518497593255617,-0.002848766564296528,-0.004370602852411224
2021-09-20,-0.021592580727351502,-0.005721995749475236,-0.019027751093457123
2021-09-21,0.003422236115608685,0.004385770840677157,0.005934768498639207
2021-09-22,0.016731750826325473,-0.003653305598154507,0.024312081467268938
2021-09-23,0.006696609978618755,0.00565707325514615,0.013816663249279777
2021-09-24,0.0006127986386517076,-0.003037574647689145,0.010815045000718271
2021-09-27,-0.010606099541729629,-0.007266529141399548,0.018272332841506235
2021-09-28,-0.024089058574702844,-0.0022086581132767565,-0.005547895391819288
2021-09-29,0.006462027999651287,0.007404561002772753,-0.005705930150686414
2021-09-30,-0.009355397616721614,-0.015483360268129643,-0.001527141421907292
2021-10-01,0.008094404621871483,-0.00639798072300845,0.009632547968700556
2021-10-04,-0.02491357743775549,-0.007820141079736933,0.02466804222404493
2021-10-05,0.014059219245077468,0.0022582987772763246,0.015871355313543518
2021-10-06,0.006287142746915089,0.0020659606645459486,-0.01808892799484756
2021-10-07,0.009043576424762292,0.008902621752073578,0.010672923783464494
2021-10-08,-0.002725320678929,-0.0025444336030860074,0.005354794968848032
2021-10-11,-0.0006301513822993303,-0.00423439920614432,0.01517738275464265
2021-10-12,-0.009144645193396897,-0.016103902557831323,-0.002753378855092469
2021-10-13,-0.004249077908586931,0.009530049314835627,-0.0028811288353448807
2021-10-14,0.0200238002769418,0.005699880061093786,0.009809860859687831
2021-10-15,0.007484734238222659,0.007404994413086942,0.010186048123318229
2021-10-18,0.011736863516469152,-0.0073424475220610005,-0.0062651516671127245
2021-10-19,0.014967549817951089,0.023149772133972336,0.008854316554081327
2021-10-20,0.003355442459304517,-0.000549374989907078,0.008660064153779679
2021-10-21,0.0014729429861126877,-0.002322894195812416,-0.014199605857265951
2021-10-22,-0.005299020085081753,0.0019564431402333926,0.010814707170354099
2021-10-25,-0.00033633300844640446,0.0021965950091645528,0.005363808259558507
2021-10-26,0.0045644029940927556,0.010126512564129763,0.004756707890618279
2021-10-27,-0.0031525846874825222,-0.01220087567464438,-0.021289839777512674
2021-10-28,0.024684333291665493,-0.0054502650152893455,-0.003078772519337846
2021-10-29,-0.01832222967189779,0.00018427138303510958,0.000711292972242865
2021-11-01,-0.005623384357784446,0.0008591163741283705,0.0039032734896382224
2021-11-02,0.007090814970944261,0.01564174344942846,0.00011806806615199769
2021-11-03,0.009751140346713002,-0.0032056710580616434,-0.032754453148510505
2021-11-04,-0.0035048220351061314,-0.0027905881562340948,-0.017843295762647402
2021-11-05,0.003575918995863702,-0.007133630817265418,0.026949168424000882
2021-11-08,-0.005568194063108076,-0.0034324567948985666,0.008304825357178327
2021-11-09,0.002456449144236597,-0.0022127308643258656,0.01605169095416173
2021-11-10,-0.01934919925067263,0.01077198226197202,-0.025565834100295486
2021-11-11,-0.0003380093413661234,-0.0073934507321739415,0.002779330578495924
2021-11-12,0.014235245434844347,0.011887761252798737,-0.008482898344852444
2021-11-15,6.655238066297236e-05,-0.009070553952703227,-0.001461394929380259
2021-11-16,0.006644431512902275,-0.00521183250180889,0.004620597297399024
2021-11-17,0.016355725691044102,0.0037430887535360013,-0.026428943304810108
2021-11-18,0.028136361136742487,-0.005404194202775823,0.01188720169431228
2021-11-19,0.01683369815583487,0.0030126992914600976,-0.029353241046623558
2021-11-22,0.0029229536710958185,-0.013249214338873312,0.010215078135350058
2021-11-23,0.0024192169941406943,0.006179950284239254,0.032223029817832316
2021-11-24,0.0032781906861331575,-0.0028042793462138512,-0.0007291876779574276
2021-11-26,-0.03219100239630558,-0.0065116326884399525,-0.1231469229899114
2021-11-29,0.021637821089667227,0.00344894648170679,0.009852312900213723
2021-11-30,0.03108929306219292,-0.02420290409957102,-0.03986365886748544
2021-12-01,-0.003211448834038669,0.013694095158825506,-0.02438441125101787
2021-12-02,-0.006148694719706799,-0.006282616570482361,0.011549073322922888
2021-12-03,-0.011793642143165507,0.0144726074591197,0.0030096632013869857
2021-12-06,0.021274746051227297,0.022090719004844515,0.04477531060369844
2021-12-07,0.034832494002847526,0.002574279980410153,0.03178291412213797
2021-12-08,0.022527467151653865,0.00598107253177264,0.005024435375758508
2021-12-09,-0.00297459633783048,0.009447810631677956,-0.018637407749044932
2021-12-10,0.02762827407713687,-0.0024743984047505036,0.009761438189286355
2021-12-13,-0.02089102769101055,0.01772820011913554,-0.01016462050492935
2021-12-14,-0.008055535834087146,0.010863775094347874,-0.009318758211047171
2021-12-15,0.028110409508957043,0.004979268931744678,0.002439360367329335
2021-12-16,-0.0400553138950856,0.010867405712124712,0.01531258175177888
2021-12-17,-0.006523238930078393,-0.028017492774128547,-0.020197267519269035
2021-12-20,-0.008155060661706001,-0.002857118947717567,-0.027580348459022557
2021-12-21,0.018907075527471263,-0.003224399058964329,0.0338177478522715
2021-12-22,0.01520268298447615,0.004296666596629704,0.017552504241505208
2021-12-23,0.0036370732402613314,0.001903805612389898,0.02050811410727306
2021-12-27,0.02271486549747674,0.00840441870245842,0.022516229892626662
2021-12-28,-0.0057840188626007765,0.0039998542434887974,0.004316421140123197
2021-12-29,0.0005019249681463555,0.007019571457785957,0.003666956184559522
2021-12-30,-0.006599907578852013,0.0044204149424275216,0.0011352424575692592
2021-12-31,-0.003541683417320955,-0.007222352383994931,-0.0015140395161111924
2022-01-03,0.02469672605098348,0.002743558848222724,-0.0027815619259906666
2022-01-04,-0.012772560047164186,-0.0026850198745539443,0.012831936311788373
2022-01-05,-0.02696018949824739,0.006641357072289513,0.009950368622447272
2022-01-06,-0.016834408952749503,-0.0034318102950369033,0.01462025925698872
2022-01-07,0.0009879536380997846,0.013427065649411516,-0.0029314527759547178
2022-01-10,0.00011622376525224913,-0.004956304344426603,-0.01082284870670404
2022-01-11,0.016644332448471827,-0.010687188412145285,0.03463495108792288
2022-01-12,0.002567230297775039,-0.00856207040055663,0.011283413869825253
2022-01-13,-0.019211562746246982,-0.006084812695822313,-0.0023648698376802176
2022-01-14,0.005097661552775397,-0.005466671896007449,0.01864824285107383
2022-01-18,-0.01907506199831996,-0.004418345397946356,0.016708397917211567
2022-01-19,-0.021248837635274836,-0.003116912468786716,0.01057128663545987
2022-01-20,-0.010401153348520153,-0.008016203216842072,-0.0006787149688418971
2022-01-21,-0.012847217729481476,-0.0023021963068869614,-0.005559642993569911
2022-01-24,-0.00487606920831114,-0.011591160676350529,-0.01860415145551945
2022-01-25,-0.011450024139779094,0.02819315300687319,0.022125054235775852
2022-01-26,-0.0005633192275206595,0.004464174112930756,0.0197581885017494
2022-01-27,-0.0029477213297767453,0.013039576936051235,-0.006915841980796554
2022-01-28,0.0674508067422383,0.007009730623084751,0.007693659628267731
2022-01-31,0.025790378333738182,0.0029062809073347492,0.013021595592953792
2022-02-01,-0.0009731048014240501,-0.008217380752824695,0.0008767324512789776
2022-02-02,0.007019478790943738,0.010999599314495068,-0.02013787540255069
2022-02-03,-0.016861057263732167,-5.7872240974658086e-05,0.01816418722161053
2022-02-04,-0.00168075579995995,-0.006562461740610757,0.023430902322373597
2022-02-07,-0.004243599048857565,-0.0033265331124602035,-0.0062378585199837164
2022-02-08,0.018298311395473436,0.002627229137755791,-0.020821634645728757
2022-02-09,0.00825960856327184,-0.00011650342060683745,0.008446320873357439
2022-02-10,-0.023881693651046695,-0.012144242474905429,-0.0015303827266625468
2022-02-11,-0.020425690916619957,-0.010144453888544052,0.03260981634052664
2022-02-14,0.0014222361185445005,-0.012660946887910805,0.02137102970425025
2022-02-15,0.02288861953608328,0.010272852792623919,-0.03373005825722042
2022-02-16,-0.0013900304394549984,-0.0005978670680589034,0.016269153663611122
2022-02-17,-0.021498589096628093,-0.006118729284392282,-0.019597989581511186
2022-02-18,-0.009399799687759591,-0.010776746288342453,0.006112288487447182
2022-02-22,-0.01797298278192441,-0.01368282253877588,0.034670932168485866
2022-02-23,-0.026204525107821813,0.0004964973189012359,0.0
2022-02-24,0.01654260872493605,-0.019289339516399346,0.022867528847951738
2022-02-25,0.01288236136001779,0.04850729063068331,-0.011674682252759146
2022-02-28,0.0016361578074805705,-0.008651618207953916,0.030768540036606663
2022-03-01,-0.011695906711093511,-0.003469875237586877,-0.0013872316155361236
2022-03-02,0.020379163154225093,0.012362115686277859,0.1131339111678854
2022-03-03,-0.001983091647955774,0.014588522086646419,-0.022114704253197687
2022-03-04,-0.01857992460815927,0.005917847049842495,0.0669629426066836
2022-03-07,-0.02400331641367209,0.01597987600557423,0.042273810414542104
2022-03-08,-0.01174481318590669,-0.020474261729360125,0.03798381873550438
2022-03-09,0.03439883968857146,0.0037860522595297794,-0.14108336558141701
2022-03-10,-0.027562521960199014,0.0017698461865543308,-0.01641981416568371
2022-03-11,-0.024199098572141788,-0.0018287932939425266,0.03009232773023528
2022-03-14,-0.026921590164008188,0.01372290352394349,-0.05256934361970051
2022-03-15,0.029245482195991077,0.025588639114401814,-0.06762401490588109
2022-03-16,0.028602539957948935,-0.009239727937508059,-0.019098312165043246
2022-03-17,0.006433357546213445,0.012979880813229039,0.08428716491301076
2022-03-18,0.020702952101187312,-0.011148024062979298,0.012024201517812836
2022-03-21,0.008501504529284176,0.005646416598650242,0.06882610374479065
2022-03-22,0.020587142915678522,-0.004731791229283949,-0.001211591545452315
2022-03-23,0.008199929137602258,-0.0037786039799386686,0.05163957311959268
2022-03-24,0.022424657856618353,0.005149159793440391,-0.021361405059355985
2022-03-25,0.0037270780235178873,0.009541287299268609,0.013518252793828485
2022-03-28,0.0050239823667497865,0.005130217137676618,-0.07011834681112303
2022-03-29,0.018953636098723078,-0.0005061859785897888,-0.020206335477944353
2022-03-30,-0.0066716776029734455,0.010354681472057025,0.028793061897140856
2022-03-31,-0.017935672902603263,-0.013228100861281981,-0.050064604013923895
2022-04-01,-0.0017196222697227635,0.00540197223278443,-0.002226603490890363
2022-04-04,0.023417124524748107,-0.009699402036710209,-0.0013011097712271017
2022-04-05,-0.019123821131812477,0.006439148074582402,-0.008311196903248585
2022-04-06,-0.018623016859736403,0.02567952963240081,-0.053645327079854956
2022-04-07,0.001802517667793093,-0.00258235672520863,-0.00485989411834489
2022-04-08,-0.01198040374666184,0.0019785048770246776,0.021637320738452186
2022-04-11,-0.025847020680738193,-0.012598053462769071,-0.04273725372356585
2022-04-12,0.01145744557082393,0.00033336596653030156,0.060672365912355246
2022-04-13,0.01621051549708296,0.004215667305910693,0.038801600897035916
2022-04-14,-0.03044718132923946,-0.0042156673059107076,0.026489195981081844
2022-04-18,-0.0013317854178397871,-0.01252944746419154,0.012986100041455192
2022-04-19,0.014016383154485512,0.030051531229252578,-0.05364022098746452
2022-04-20,-0.0010159331911280042,0.004414598033265113,-0.004204602707520949
2022-04-21,-0.00485554653644564,-0.002886335194170778,0.01422418575943378
2022-04-22,-0.028215486738275408,-0.009975447108121666,-0.015629681635329566
2022-04-25,0.006714617868349302,0.024324441376395757,-0.041447304936684845
2022-04-26,-0.0380427374075949,-0.007175919284537126,0.02575993289183499
2022-04-27,-0.0014679163777404232,-0.014068548394713214,0.0031382445506436445
2022-04-28,0.04416575616085079,0.007440829246707571,0.021324340837676654
2022-04-29,-0.03729158128112617,-0.016487515642491058,0.016134587405812015
2022-05-02,0.001964585872899739,-0.010136747736820776,0.00018293802282461695
2022-05-03,0.009576568419835275,-0.0019610916272598854,-0.04097059132004374
2022-05-04,0.04018976272193186,0.010655893159935186,0.04807767161596495
2022-05-05,-0.057328533555901805,-0.019274529968429658,0.006876629822635739
2022-05-06,0.004716172208338002,-0.00220862942513341,0.013346051984144815
2022-05-09,-0.03375251274718237,0.005428241209994241,-0.05910204093795928
2022-05-10,0.015983609629534053,-0.0013544828184689891,-0.033400449585964186
2022-05-11,-0.053233310417805484,-0.0054356186834638755,0.0481114167916044
2022-05-12,-0.027262518289491167,0.009830565228856353,-0.0005582916803352771
2022-05-13,0.031417764217467094,-0.005750901111113432,0.03744735354943417
2022-05-16,-0.010729805946042753,0.006930831755547475,0.023828531655479327
2022-05-17,0.025105022419717345,0.0041468320092368175,-0.020427801264113685
2022-05-18,-0.05807336938352127,-0.018740703735119744,-0.025517125366746288
2022-05-19,-0.02494996920230137,-0.008928604328117517,0.026499405302423007
2022-05-20,0.0017457486362578477,0.017326397350357712,0.004541635904085434
2022-05-23,0.03933543661087168,0.020209425073327524,0.007700131974436402
2022-05-24,-0.019403282718277255,0.010863727548286052,0.001233583664085708
2022-05-25,0.0011395489925423356,-0.009860980818181679,0.004130250858213941
2022-05-26,0.022934328881156277,-0.0008911217584089743,0.029125359427098964
2022-05-27,0.039948085577412445,0.009041707095020083,0.01714350784434354
2022-05-31,-0.0053606519669754,-0.008651833014043014,0.028152237524989805
2022-06-01,-0.0008736167988406342,-0.01018916613214299,-0.05479558658284739
2022-06-02,0.01667141170295459,-0.0031561090308021914,0.011286991874821302
2022-06-03,-0.0393185968136352,-0.004129562678411066,0.01778162212824735
2022-06-06,0.005214066702162257,-0.0001132756053551987,-0.001755625427116296
2022-06-07,0.017433118408518473,0.010937602746511657,0.008830426844411531
2022-06-08,-0.005056232132512183,-0.005961410099141342,0.024658239851478504
2022-06-09,-0.036617917265897935,-0.020343058330580872,-0.004135437745036683
2022-06-10,-0.03939459574967132,-0.006700227976341908,-0.008650270608659244
2022-06-13,-0.03903691860824909,-0.010135369872871076,0.002128660605116997
2022-06-14,0.006650353602848711,-0.01545742565731469,-0.009037183569031774
2022-06-15,0.019912000980507147,0.010645356069564772,-0.022197139905881402
2022-06-16,-0.04045899109822185,0.0005293706927593128,0.010909771048394138
2022-06-17,0.01146700972852389,-0.0036519151997835802,-0.05745790784597767
2022-06-21,0.032235521294453506,0.02073238320498681,0.01343479618441772
2022-06-22,-0.0038342822249800715,0.015656186198277872,-0.0257092976997958
2022-06-23,0.021344282889235237,0.022060525765128312,-0.015239889210017187
2022-06-24,0.024221566489459154,0.014532544286162909,0.027514390725395313
2022-06-27,0.0,-0.0009329684765493748,0.017265172732358496
2022-06-28,-0.030242480293763304,-0.028855016173684318,0.024800747867469112
2022-06-29,0.012939626445480516,0.00028243691545708455,-0.014686066380541369
2022-06-30,-0.01819212125860174,0.00293365559738824,-0.012550513806832026
2022-07-01,0.016035112709538297,0.011259743992226444,-0.028088760418663237
2022-07-05,0.018753596802123875,-0.007716837559338634,-0.08269635744985175
2022-07-06,0.009561226191121356,0.0008978120117980071,-0.02044693479816956
2022-07-07,0.02371616944293286,0.0011210202709286592,0.03857494929850827
2022-07-08,0.004703476571305629,-0.0012332814768553765,0.022394238043018568
2022-07-11,-0.01486766953757243,0.0003927241047559642,0.0007472616906575689
2022-07-12,0.006810380677738758,-0.014116570438615025,-0.07370584807701039
2022-07-13,-0.002539735219925138,-0.002334320680291789,0.0008037962055985921
2022-07-14,0.020275413420462754,0.001366985845896745,-0.004731485396479105
2022-07-15,0.011385041781365077,0.01441078819846386,0.020574032064347304
2022-07-18,-0.02085929189463488,-0.022698449419605162,0.049279535792956304
2022-07-19,0.026371111191423345,-0.014685932435924531,0.0101115163148537
2022-07-20,0.013419478287481745,-0.005724215619464024,-0.0040136359654806405
2022-07-21,0.014981350726195398,0.0035086759087671346,-0.02903702985240456
2022-07-22,-0.008143955694076707,0.004716890894170814,-0.00637502081668352
2022-07-25,-0.007425733587001188,0.0019735982183362514,0.018719093183992758
2022-07-26,-0.008865548174068736,0.007049032503611507,-0.007158226595921476
2022-07-27,0.03366196527401714,-0.002767483554562362,0.021041447090854783
2022-07-28,0.0035653113589052612,0.005757057437703658,0.004865247600956311
2022-07-29,0.03226670427106601,0.0018353760390553214,0.026434905413808087
2022-08-01,-0.006172408746872791,-0.003501617593721903,-0.09510116137613675
2022-08-02,-0.009330737643378174,-0.005708764002103383,0.005085538576810537
2022-08-03,0.03753427525606512,0.009611289307735317,-0.03811531861853275
2022-08-04,-0.0019279638169592017,-0.0161674996729551,-0.027869755711131042
2022-08-05,-0.0013898732908666782,-0.00396625848502643,0.00846381923619221
2022-08-08,-0.0029073579809255107,-0.005332329697508303,0.018061809164957875
2022-08-09,0.00030321920755003155,-0.00011760414806307454,-0.0035240912187008587
2022-08-10,0.025857376545931968,0.0028752115833710393,0.01125409609128211
2022-08-11,-0.004441456513560007,-0.02090017855604649,0.02233592295588594
2022-08-12,0.02119921784058673,-0.011069709393551246,-0.014665213001615749
2022-08-15,0.006313630612110266,0.0047677607066296404,-0.03156798276251662
2022-08-16,-0.0009241843304851014,0.008871497738730926,-0.029451576086479567
2022-08-17,0.008746161535411724,5.957600468030641e-05,0.01408706776364762
2022-08-18,-0.0022942059586026154,-0.004845084963514424,0.030910733093725377
2022-08-19,-0.015217056528499426,0.015115553057564138,0.0013450406502932795
2022-08-22,-0.023298660892343694,-0.0035142361158598595,-0.002484451154574634
2022-08-23,-0.0020312021404511266,-0.008749932088120544,0.038032013938850764
2022-08-24,0.0017923053190902689,-0.003316157359278302,0.009928596134019004
2022-08-25,0.014812436729061898,0.009317426025873867,-0.018748105031027338
2022-08-26,-0.0384280976557361,-0.017260524023376436,0.01647320807076933
2022-08-29,-0.013784818104116706,-0.007761156786467963,0.039795610144567235
2022-08-30,-0.015423850735045656,-0.0035030231740927325,-0.05657084469856467
2022-08-31,-0.010691937143752975,-0.006733231018582024,-0.028806892438682268
2022-09-01,0.0046957529868530265,0.02449002783439899,-0.043745362798202854
2022-09-02,-0.013704630706784007,-0.015849977549547443,0.007120496612959282
2022-09-06,-0.008248913539308003,0.002699897757264314,-0.0020446045709938813
2022-09-07,0.009211247254885339,0.005439441312864532,-0.053433068658450766
2022-09-08,-0.009664370092244426,0.008013087980395035,0.012983546946802652
2022-09-09,0.018664621314067733,0.0019329556361058786,0.0405571805358433
2022-09-12,0.03778474880709838,-0.00042256001454820676,0.012417240309151619
2022-09-13,-0.06047151774135907,-0.026364735487539426,-0.008869020460506088
2022-09-14,0.00951003033941611,0.02043074765121385,0.009932268566332229
2022-09-15,-0.01911137040897329,0.0025474505559418313,-0.03525835345231483
2022-09-16,-0.011020662627987513,0.015150004853777533,0.005598589196845163
2022-09-19,0.0247735637815311,-0.007907199089588219,0.007090310928680058
2022-09-20,0.015543952120341063,-0.007909430332600444,-0.015113607501264396
2022-09-21,-0.020475778272834397,-0.010297147463532197,-0.0087559539231065
2022-09-22,-0.00639561035973287,0.017605018231029924,0.006988738304230189
2022-09-23,-0.015239390101901408,0.0032443414050487658,-0.04881777324307592
2022-09-26,0.002257688608192557,-0.0061369138222429715,-0.024559180152468125
2022-09-27,0.006544822466624341,-0.004597103115393921,0.025951073643184965
2022-09-28,-0.01273223950047357,0.008572356508069184,0.03474354937875978
2022-09-29,-0.050366502886030576,-0.011061212098153715,-0.009335896416966983
2022-09-30,-0.030499603726481056,-0.007136625658671579,-0.00600737186022392
2022-10-03,0.030289071713252343,-0.0009798652885911728,0.01017994909834039
2022-10-04,0.025300344474874375,0.014719411393389139,0.03255022649354366
2022-10-05,0.0020512551422439272,-0.0030839849265268805,0.016957793041949044
2022-10-06,-0.006647894558228979,-0.019571240059849962,0.01118277181354086
2022-10-07,-0.037409598944531774,-0.010617673700891108,0.03639790433903605
2022-10-10,0.002352782841319675,0.0013100464179097101,-0.017825372518913758
2022-10-11,-0.010307843298347783,0.014359307109476945,-0.019950278358322568
2022-10-12,-0.004615641415534976,-0.000245750973780563,-0.01970722436396925
2022-10-13,0.033060375692426376,0.015007557223775822,0.022672372977124006
2022-10-14,-0.03277118971112619,-0.0041865788988240905,-0.031581598798019375
2022-10-17,0.028706703501655027,0.012868102872039903,-0.00010908056584828134
2022-10-18,0.00936541797258848,-0.003487618465931613,-0.017506683875033274
2022-10-19,0.000764828869243179,-0.007983138786230554,0.026092302967340893
2022-10-20,-0.0032723054187369354,0.0025469872623054913,-0.0003247622577679754
2022-10-21,0.026699466489125637,0.021569418800646986,0.01205096102353157
2022-10-24,0.014694116534979292,0.013365201062648583,-0.0025701220082855075
2022-10-25,0.01915300511765357,-0.0015802992810518347,0.00278396698210164
2022-10-26,-0.019822340222413925,0.008748303873130022,0.02293854403641692
2022-10-27,-0.03093906890898877,0.0005806869465574349,0.01318468757381007
2022-10-28,0.07283449790309272,0.014747693460808113,-0.012349064397194071
2022-10-31,-0.01553036307250858,-0.00516001026073789,-0.009863614277041901
2022-11-01,-0.01769835844750938,-0.005071260660064214,-0.0018999404278392529
2022-11-02,-0.03801870244323658,-0.01548705409566149,0.01582761509378773
2022-11-03,-0.0433302197196676,0.0017001976006541467,-0.015616368071043172
2022-11-04,-0.001949143548232534,0.004441899182744269,0.04036981178196275
2022-11-07,0.0038944953254013894,0.008709099373065146,-0.00661615251679722
2022-11-08,0.004166546926266685,0.004959476262000742,-0.026491590346980957
2022-11-09,-0.033753299871391564,-0.0080279780418455,-0.028830240516888532
2022-11-10,0.08523627612073119,0.011645660467188164,0.010948978472458272
2022-11-11,0.01908556272922265,-0.030376038157871574,0.024466049447618224
2022-11-14,-0.009530819594206619,0.015594097611858844,-0.03014026611955051
2022-11-15,0.0117994384570976,0.0027884131735206224,0.007700585867882412
2022-11-16,-0.00836602705390543,0.006187741633259272,-0.01071132770446804
2022-11-17,0.012887883019858475,0.00803849757941895,-0.0337307694074084
2022-11-18,0.0037746594137220714,0.007634048851405821,-0.02435290602491041
2022-11-21,-0.021918603004015987,0.005127639670219445,-0.001942147164834279
2022-11-22,0.01455469484990058,0.004818687442544956,0.010352218892034339
2022-11-23,0.005908943674249986,0.0010739578632134525,-0.03395615262459436
2022-11-25,-0.019788222764732778,0.0012986870206228552,-0.02106095828350982
2022-11-28,-0.026615233328617847,0.0005076221389898098,-0.005275096908218839
2022-11-29,-0.021375025297006033,-0.0070173593949910944,-0.0019252040711618236
2022-11-30,0.0474500870628869,0.01078843436603086,0.028495357163772675
2022-12-01,0.0018896360608834906,0.004148715435848002,0.016830493836352312
2022-12-02,-0.0033769779363085795,0.0007829787664210023,-0.015193073708535596
2022-12-05,-0.0080151924232976,-0.0005592206419043831,-0.03435701235896121
2022-12-06,-0.025697360496096368,-0.015104054338851385,-0.04110931076192464
2022-12-07,-0.013880828232540643,0.006057759071682616,-0.027857671000724088
2022-12-08,0.012059634865600143,0.00016924329112122591,-0.013305657362989486
2022-12-09,-0.003440737950092986,-0.008273336845945544,-0.0006568545623075724
2022-12-12,0.016257160144487175,0.011878657044489893,0.024532341134655678
2022-12-13,0.006759589648969513,0.007673996923207146,0.0339101309172322
2022-12-14,-0.015657859993519024,0.0030642711520762972,0.024728848259542788
2022-12-15,-0.04798736231776261,-0.01270824156127039,-0.01818118410735895
2022-12-16,-0.014686358879677031,-0.010307091213415978,-0.02708431599803939
2022-12-19,-0.016037314134492706,-0.0010822445967976627,0.009569477675640188
2022-12-20,-0.0005289365932305154,0.001082244596797692,0.0023780574561695464
2022-12-21,0.023530348875116895,0.011376907933289356,0.027253664781615162
2022-12-22,-0.02405968157922959,-0.0036648561468552543,-0.014953012878251778
2022-12-23,-0.002801983023110483,0.0025386311020977664,0.03566169021111702
2022-12-27,-0.013975529223919678,-0.00028182151868361025,0.004873753030527658
2022-12-28,-0.031165961420098358,-0.004349142591330169,-0.012769427875345952
2022-12-29,0.027930619961389243,0.005081606345279808,-0.012083278652645926
2022-12-30,0.002465858339617433,-0.0051381900295823235,0.043415290505714015
2023-01-03,-0.038122213854446516,0.008680029924424838,-0.045362281404472925
2023-01-04,0.010261410013600262,0.01082836722601937,-0.05328260704164598
2023-01-05,-0.010661335710156957,-0.007410919776710024,0.010860722741391757
2023-01-06,0.03613344620968911,0.008076866952019344,-0.0015261702689100644
2023-01-09,0.004080539215104872,-0.026249989844655815,0.013652112209752676
2023-01-10,0.004446445972993796,-0.0023948327453313665,0.005633779511282356
2023-01-11,0.020892474275430752,-0.0015998681231646481,0.03158092209098295
2023-01-12,-0.00059934957515851,-0.005044599230180046,0.01631710629751283
2023-01-13,0.010068244411766498,-0.0032813170127435165,0.014766082690338429
2023-01-17,0.008718009260531416,-0.006188706956660345,0.007476663345923151
2023-01-18,-0.005384291171647409,-0.015199721581954597,-0.011000635260100597
2023-01-19,0.00044361936641516733,-0.0013556686722625833,0.013790101162426991
2023-01-20,0.019038482957307062,-0.004670927667621332,0.01691729837309354
2023-01-23,0.023228484052965372,-0.002551605569812516,0.006370231858754159
2023-01-24,0.010012677797882445,0.0,-0.023635854671285306
2023-01-25,-0.004711804386372804,0.007104415830650092,-0.00011604652362438913
2023-01-26,0.01469491321448334,-0.0036643560525604834,0.015554186998780214
2023-01-27,0.013591499792028353,-0.003915380194085886,-0.009303432817319886
2023-01-30,-0.02028233945871083,-0.037735797262107594,-0.020518347280158923
2023-01-31,0.00898038546976718,0.008727167458677519,-0.004840952409035302
2023-02-01,0.007869700024406128,0.009136947871123761,-0.019722166560562585
2023-02-02,0.0363925190111066,0.0037523999838291002,-0.008120742661005367
2023-02-03,0.02410678994717149,-0.005633845291111657,-0.027513865835698557
2023-02-06,-0.018091510628231285,-0.007622567515286535,0.013049280060765575
2023-02-07,0.019061883618099372,0.00024472493776163314,0.03279386133237484
2023-02-08,-0.01781042709481949,0.0012843083833751741,0.016589951606594107
2023-02-09,-0.006935517637590767,-0.013599720677606352,-0.0069579424602668775
2023-02-10,0.0024532184691399075,0.004635986032385817,0.022120386942592603
2023-02-13,0.01863213631469947,0.003693551432486054,0.0025433680843583014
2023-02-14,-0.004233921098234981,-0.004372173429834747,-0.01196365700558385
2023-02-15,0.013807575078532681,-0.01661468189773944,-0.0023397832235956817
2023-02-16,-0.010484112630716604,-0.007115572803041601,-0.002814895929692619
2023-02-17,-0.007575385881391631,0.020662212452458934,-0.025456345434609125
2023-02-21,-0.027042107401951832,-0.015013350432786987,0.0006022650087355925
2023-02-22,0.0028918420301503756,-0.001393401908647746,-0.02994424222425107
2023-02-23,0.00328516143704665,-0.00031704386178528103,0.019778307446512242
2023-02-24,-0.018169335460648188,-0.01122104399941576,0.011489568999125942
2023-02-27,0.008213681716257505,-0.0021820429371478952,-0.008574495034549408
2023-02-28,-0.003453776981565588,-0.015345871814707255,0.017314397590414445
2023-03-01,-0.014348439433162594,-0.004512049297170312,0.004994043394505118
2023-03-02,0.00412072518798088,-0.0007869705480941674,0.005205293283469009
2023-03-03,0.0344884141947646,0.010245836889071883,0.012662870803073278
2023-03-06,0.01836965021557,0.009949031640486113,0.004069518665203052
2023-03-07,-0.014602688586521355,-0.009494714033020468,-0.03410963078954278
2023-03-08,0.008342331487338595,-0.007360389709441514,-0.007592651552424669
2023-03-09,-0.015026899934571243,-0.011308404060270387,-0.013029192830452355
2023-03-10,-0.013975951969537513,0.0024433695282240426,0.014479811017817028
2023-03-13,0.013178724359299667,0.009518580416794344,-0.024580903681667994
2023-03-14,0.013990891962079458,0.005602953036682965,-0.04197304043262951
2023-03-15,0.0026180522303098225,0.0027897988664705095,-0.04976538955026066
2023-03-16,0.018521365002462577,-0.002075383468207227,0.01361291337557783
2023-03-17,-0.005468905201575045,-0.010769885206347191,-0.023431636778888522
2023-03-20,0.015365091548375374,0.009860587088388191,0.011174818971111798
2023-03-21,0.011873467344106034,0.0,0.02052246625975256
2023-03-22,-0.009145187710796704,-0.018626954493810955,0.018025653874279325
2023-03-23,0.006945267398248466,0.0005294389954611869,-0.010222877340052953
2023-03-24,0.00827131760505968,0.010007167820478634,-0.012193733445028545
2023-03-27,-0.012369436052832122,0.004249231698368112,0.040891398340551235
2023-03-28,-0.003988282166757841,-0.009701249029757362,0.006761507738184953
2023-03-29,0.019597510743744943,0.009766395773333129,-0.00471552197134874
2023-03-30,0.009841319654782832,0.0007823526508106025,0.012567577567153402
2023-03-31,0.01552298408457356,0.010180624401859772,0.006287747339412377
2023-04-03,0.007672240785332932,0.011864906961813372,0.06267993954480063
2023-04-04,-0.0032550177855967563,0.010401645261537352,0.00011776224265966554
2023-04-05,-0.011354476832522649,0.04394403666421381,0.0005884237476141602
2023-04-06,0.005480871402212555,-0.002781562541166605,0.0015284804850554277
2023-04-10,-0.016101279639041278,-0.005038319746798121,-0.011104690892808735
2023-04-11,-0.00762011830209213,-0.00030432773124301396,0.01684473891613557
2023-04-12,-0.0043625802656191105,-0.0021328913017219973,0.01989196150887995
2023-04-13,0.033534973331291136,0.013271760263354018,-0.01430084926100474
2023-04-14,-0.0021162917969314273,-0.0016268685494242204,0.0025522198133720053
2023-04-17,0.00012098006494470608,-0.0010254485670032438,-0.018121679341700548
2023-04-18,0.007476746068657175,-0.028531514751787477,0.00011790841643929448
2023-04-19,0.0069440438067212675,0.00939617193946438,-0.01965628718527541
2023-04-20,-0.005863522291989776,0.006439602094811074,-0.024602437527963324
2023-04-21,-0.00982898603253325,-0.005455739412652823,0.006881388430661271
2023-04-24,0.0018766776852870255,0.00606677236808876,0.013018003041825897
2023-04-25,-0.00948034605317668,0.00912249535897138,-0.02397676588650626
2023-04-26,-6.116797773028872e-05,-0.015619467651919359,-0.0388789875052618
2023-04-27,0.027999504481456702,0.0023338525272214184,0.008714655723814189
2023-04-28,0.00751284476827006,0.004285339213395016,0.014818815178703067
2023-05-01,-0.0005305577939816319,-0.0006109582570727398,-0.002895857977674831
2023-05-02,-0.006210517595583668,0.008702825265534229,-0.051618493574917
2023-05-03,-0.006488313408668827,-0.013175024268132805,-0.04050669356075285
2023-05-04,-0.009962949409643491,-0.004553791250870737,0.0023475556841534148
2023-05-05,0.04585922653707837,0.0033864694577176485,0.0378936134732101
2023-05-08,-0.00040353918106378063,-0.0022770113722590636,0.022455135956969324
2023-05-09,-0.010021198180381151,-0.0077930593225557275,0.005568163203936219
2023-05-10,0.010366934731073151,0.0037184955736517954,-0.013389848908174986
2023-05-11,0.001094059200422395,-0.004091136068923255,-0.018892169507751317
2023-05-12,-0.005432148758832677,-0.0013053852629679307,-0.010861725017620418
2023-05-15,-0.0029015708110735863,-0.00767950589462984,0.014190401133203993
2023-05-16,0.0,-0.0013171746189832956,-0.004262690347822648
2023-05-17,0.003596664897496696,-0.0021988570499071936,0.026998352614726148
2023-05-18,0.013573516337537797,-0.003212993046170202,-0.014396250154790055
2023-05-19,0.0006283166831701707,0.0027096355460959408,-0.003697822158463732
2023-05-22,-0.005495945380880557,-0.00540384489752977,0.005410002421646738
2023-05-23,-0.015270962655576223,-0.0003826929096386318,0.011123565671762762
2023-05-24,0.001630760650969414,-0.0009570247451884937,0.019588310623949088
2023-05-25,0.006670071540084977,-0.014466276782286947,-0.02716501842352968
2023-05-26,0.014006239106156521,-0.0003887909938446536,0.0090072381840356
2023-05-30,0.010603174136418427,0.00012954637902371877,-0.04532633230341153
2023-05-31,-0.0002821417959676791,0.00445985904137021,-0.012038411128825931
2023-06-01,0.01589555024004439,-0.0033592403603954647,0.022050642857019537
2023-06-02,0.004764001950623173,0.015601785121882445,0.024600649189896188
2023-06-05,-0.0075998610769629415,0.00856375197632467,0.007589696795694742
2023-06-06,-0.0020624936782193556,-0.0008847308947030883,-0.005490185933531259
2023-06-07,-0.007786437873934861,0.0021470930035122323,0.00861394052315809
2023-06-08,0.015346702732380714,0.010916829562943318,-0.012948946734587451
2023-06-09,0.0021573707014391963,-0.0015612726527149832,-0.015522675446445994
2023-06-12,0.015517844441876955,-0.000687826666698269,-0.04024282542685017
2023-06-13,-0.0026151309498936596,0.005239662820224517,0.033534992469377495
2023-06-14,0.0034853514730210176,0.005088489774305007,-0.014780986210825861
2023-06-15,0.011136361356991378,0.013342052785190659,0.03318637723195084
2023-06-16,-0.005877115892938109,0.0030491395460443094,0.01234586798719033
2023-06-20,0.00048657531412682465,-0.0006090845826058081,-0.009310919990335008
2023-06-21,-0.0056914415176338795,-0.0015243364914844823,0.015945981411292585
2023-06-22,0.016390210039780896,0.010561653494053745,-0.03940749642651613
2023-06-23,-0.001712693438417505,-0.0008457183223116389,-0.003919201174645718
2023-06-26,-0.007581759902465286,-0.011242503412868985,0.0044585878599135926
2023-06-27,0.014946823473897055,-0.0020801627166029714,-0.026223820892829104
2023-06-28,0.006307906844990745,-0.0020229025726792764,0.024199644683097894
2023-06-29,0.001794986401682672,0.006971248383057968,0.004178715641773948
2023-06-30,0.022839694754041722,0.008615973226145603,0.0075047952879110525
2023-07-03,-0.007815159277859921,-0.01319681012674854,-0.003343366469748668
2023-07-05,-0.005888783153837965,-0.0033113979134104755,0.026439080799278942
2023-07-06,0.002505649494862575,-0.007459635796539287,-0.0016975245228833234
2023-07-07,-0.0059087181685558475,-0.014648875534084628,0.0251643009936496
2023-07-10,-0.010915166678340506,0.0016312548650033885,-0.009989821308381957
2023-07-11,-0.0028139498872233213,-0.005531965269381651,0.021771807083405235
2023-07-12,0.008945393299133898,-0.0034732932977277983,0.008902310375235674
2023-07-13,0.004049235135408514,0.004607183246018442,0.015483061396223408
2023-07-14,0.0007870284810583382,0.006652472064186208,-0.018483411924714224
2023-07-17,0.017157529601217168,-0.00501660312004712,-0.017301722529090367
2023-07-18,-0.0013411476754875292,-6.290632421136355e-05,0.014292246989190247
2023-07-19,0.007046798168533471,-0.0020138162273934954,-0.0021371329129644834
2023-07-20,-0.010148703514348578,0.058955827826961765,0.0022627326675251384
2023-07-21,-0.006180787687203343,0.010692020637753728,0.017796503703153162
2023-07-24,0.004211240780602006,0.005215852046295176,0.02039015997940446
2023-07-25,0.004503379985815979,0.007628066494506439,0.010818732048397329
2023-07-26,0.004534701572763301,0.0019124427561625654,-0.008645601777673694
2023-07-27,-0.006602638979358312,0.005600268720159959,0.015793576981463792
2023-07-28,0.013417488483174943,0.004538051882750563,0.008863734908595756
2023-07-31,0.003160971569852958,-0.040647753134961835,0.0066842783043151765
2023-08-01,-0.00428501021201729,0.00808517277823359,-0.007625940539192455
2023-08-02,-0.015611229457925337,0.00602131342610209,-0.020344603993196275
2023-08-03,-0.007348624506173377,0.004287277461169591,0.02304964208382635
2023-08-04,-0.04921126016162448,-0.009420837405460939,0.012837129158718088
2023-08-07,-0.017404308524435804,0.023734279393451,-0.010490847542064018
2023-08-08,0.005297630298351644,0.0004618892125952398,0.00967883315448493
2023-08-09,-0.008994645720692678,-0.0006353218024744773,0.015888025586827743
2023-08-10,-0.0012354681179522378,-0.005213749839286448,-0.01322240011852869
2023-08-11,0.0003374492680149346,0.009710466733587487,0.004734100809510832
2023-08-14,0.009349449192748455,-0.002361164317541538,-0.006935624678057439
2023-08-15,-0.011263600166681785,-0.002886899986741205,-0.01542987604213354
2023-08-16,-0.004971446218627886,-0.0031854358777456022,-0.01710868002201762
2023-08-17,-0.014662050122520113,0.009353352106670853,0.007996769947312255
2023-08-18,0.002812176259388475,-0.00877335265619844,0.008051195300307125
2023-08-21,0.007706918019438323,-0.03025201459848763,-0.004017540119543759
2023-08-22,0.007873898804184334,-0.007979049804002923,-0.005104175252888194
2023-08-23,0.021711457203006258,-0.009015349743727573,-0.00980634150340838
2023-08-24,-0.02651898717231296,0.0033977814858705494,0.0018010634172059656
2023-08-25,0.012563899388371665,0.014236122861896742,0.01334627436744794
2023-08-28,0.008807203577619547,-0.011859536266862643,-0.0007105410298489207
2023-08-29,0.021575717197476772,0.00012186922503982961,0.012595066385536209
2023-08-30,0.01899086802901766,-0.003536181333361071,0.00431868485503026
2023-08-31,0.0011716598527665978,-0.012599739390349578,0.011579564228420476
2023-09-01,0.008427725576934117,-0.007449699425371616,0.01926976455899154
2023-09-05,0.0012659623846871214,0.0012454769834290243,0.01668662751402838
2023-09-06,-0.036449681592647,-0.0167564974727128,0.006200170000464537
2023-09-07,-0.029685646149009627,0.012702940038756069,-0.007533830424774866
2023-09-08,0.003485682996131928,0.003306457404894665,0.008085588251272815
2023-09-11,0.006600743341969221,0.01299438990473535,-0.00011034404754931107
2023-09-12,-0.017207776807473745,0.005640092067593624,0.015544901883414508
2023-09-13,-0.011925646560812294,0.0025033372276195886,-0.0019571639416125454
2023-09-14,0.008744114719829452,-0.0015257071128386218,0.019614808747168887
2023-09-15,-0.004162563302442874,-0.01408428409166252,0.002451670580472073
2023-09-18,0.016771930500448416,0.006297877797465016,0.005308995251350648
2023-09-19,0.00616179394756281,-0.0016632403925316904,-0.000953583468834282
2023-09-20,-0.02019476561879378,0.004367754030259862,-0.008623011642911986
2023-09-21,-0.00892918350603813,-0.007702556997834709,-0.0024620868326142493
2023-09-22,0.00493241535737635,-0.007201373581417445,-0.00032166381518153125
2023-09-25,0.007353217642262744,-0.0014964361701720274,0.00021445403944449448
2023-09-26,-0.023676595913242237,-0.0077675609264179005,0.00715621926026553
2023-09-27,-0.008937277921417752,-0.012083825658152456,0.02719189043566586
2023-09-28,0.00152445740023337,-0.0014649312552420626,-0.01219215640870612
2023-09-29,0.0030418711990193603,-0.007229050111386088,-0.000734172739764712
2023-10-02,0.014726472400816175,-0.003859840783968508,-0.04946711680015964
2023-10-03,-0.007800162987213808,0.0012238889446065087,0.002312384311208917
2023-10-04,0.007282128835047728,0.001158119867457916,-0.05784445747743051
2023-10-05,0.007172195078977958,0.010362767516225434,-0.020485739850541352
2023-10-06,0.014642694147899961,0.003176754308629576,0.0060480721759471005
2023-10-09,0.008415707823072716,0.0056929865665148035,0.041342072460773795
2023-10-10,-0.003357789022970301,-0.0011359487390101765,-0.005688297377890518
2023-10-11,0.007872908280615537,-0.01386178995978669,-0.021099552768635614
2023-10-12,0.005048466014336842,0.000959987806829625,0.0020952202461273933
2023-10-13,-0.010346033003400876,0.003320952722025355,0.05530268116189383
2023-10-16,-0.0007272478355166898,0.004325853978795592,-0.013736760343859317
2023-10-17,-0.00882348790902056,-0.009183190145205505,0.002784741379101311
2023-10-18,-0.007422346397352502,-0.021761063058720217,0.017641013830832122
2023-10-19,-0.002163287813532812,-0.0026880421447129507,0.009571502989634184
2023-10-20,-0.01481345259749441,0.0044543205042442465,-0.0023842385870995763
2023-10-23,0.0006938855114361839,-0.010578638449168846,-0.02560722105934074
2023-10-24,0.0025401060919778462,-0.0010574247941487868,-0.019787066272451515
2023-10-25,-0.01358351147397721,0.002245743805516436,0.023121092742539415
2023-10-26,-0.024913323566578983,-0.01710132456144758,-0.024711995233179105
2023-10-27,0.007937710112831444,-0.023083121177290906,0.02858782204767423
2023-10-30,0.012230186783203504,0.009773472958715295,-0.034061702341815374
2023-10-31,0.0028148587444839185,0.008870255961720157,-0.0004574320792700818
2023-11-01,0.018565216545423063,0.0023566758418588915,-0.03232095326015307
2023-11-02,0.020482035148905182,0.010370474141585245,0.02589369388997017
2023-11-03,-0.00519460553028323,0.00729494827381576,-0.022826181558019014
2023-11-06,0.014499591588005753,0.0023759091706584564,0.0034103745178185787
2023-11-07,0.014347299825146447,-0.005287587807651123,-0.04281485711775027
2023-11-08,0.005867691878688694,-0.003651354798290155,-0.02569175967021311
2023-11-09,-0.002627990770692327,-0.019680303967756725,0.005891602271755378
2023-11-10,0.022954586531566297,-0.0011537992105460522,0.017592105665171297
2023-11-13,-0.00862066320795363,0.0025773562324141884,0.01329688829606105
2023-11-14,0.014184589579167987,0.0002031099978825706,-0.0006060418757600274
2023-11-15,0.0030362844264878995,0.00769078978367285,-0.015765690477047935
2023-11-16,0.009001581690798552,0.008698713383865716,-0.04742379367142417
2023-11-17,-0.00010550616552382074,-0.002067540791743192,0.04037759736859441
2023-11-20,0.009235488021641982,0.008777061634566433,0.020991368951435316
2023-11-21,-0.004239804456961169,0.00803900621624369,0.0015779241735657725
2023-11-22,0.0035083032394951637,-0.0019870846081313062,-0.005960699791888676
2023-11-23,,,-0.0072246237374829205
2023-11-24,-0.007028958016262214,0.011077541174359551,-0.0097561859761599
2023-11-27,-0.0009480117448523247,-0.008032229423321387,-0.007473857095805239
2023-11-28,0.003208923627543587,0.002310943429550881,0.021032532201811928
2023-11-29,-0.005424344777289317,0.003160576806678428,0.017235505906795515
2023-11-30,0.00305807113086374,0.01662526636247524,-0.0032543467830918964
2023-12-01,0.006768408358347404,0.023768066686371225,-0.048862661241722664
2023-12-04,-0.009509701621614965,0.0031519838649768945,-0.01083432298998088
2023-12-05,0.020844475398333166,-0.0020792078450151243,-0.01069393498445855
2023-12-06,-0.005703280964446974,-0.012247574182717698,-0.03828842470301902
2023-12-07,0.010088265444905325,-0.007820009179442087,-0.003370410871237661
2023-12-08,0.0073849826639241535,-0.0063262439279738155,0.023885227733526745
2023-12-11,-0.013011592665709918,0.004135977797913064,0.002502173525341683
2023-12-12,0.007888930796208216,6.454643367081229e-05,-0.03738629254602788
2023-12-13,0.016553673938516703,0.004632184791947517,0.013830786877068277
2023-12-14,0.0007574517704611507,0.0069085368852642905,0.03115514697988543
2023-12-15,-0.0027294537908323807,-0.010960585712083104,-0.0007834625258309145
2023-12-18,-0.008539739396754594,0.0018029819021281863,0.018123394383693637
2023-12-19,0.005345906262198537,0.006540581099245061,0.016287500993037524
2023-12-20,-0.010771750820568592,-0.020599265776861372,0.005914490158980527
2023-12-21,-0.0007702869972401374,0.010191135280779686,-0.0038971394566000637
2023-12-22,-0.005562878022140658,0.003996223641351038,-0.004038875825735407
2023-12-26,-0.0028449626994148563,0.004364511118698189,0.02497944301199581
2023-12-27,0.0005177676544757438,0.0013441560567592859,-0.017670919721909782
2023-12-28,0.0022238089204013175,0.001469909115867734,-0.015945695098815653
2023-12-29,-0.005438869760501703,0.0010213451404500497,-0.017371581040878995
