Date,JNJ,Brent
2019-01-03,-0.016018031002615205,0.01876296988211938
2019-01-04,0.016644027092210124,0.0196449214588163
2019-01-07,-0.006435580749943345,0.004720709006303803
2019-01-08,0.022961197393564652,0.02395632623565265
2019-01-09,-0.007957451977131607,0.045280661392873726
2019-01-10,0.006031831190528054,0.003898667715126005
2019-01-11,0.00030821565936786237,-0.019647009900367003
2019-01-14,-0.011394172222399574,-0.024944757834037812
2019-01-15,0.008384006052143511,0.027586764800556062
2019-01-16,-0.010256710594401185,0.011151317757887446
2019-01-17,0.008167051070347648,-0.002285705315919485
2019-01-18,0.012318475428193986,0.024541116096048442
2019-01-22,-0.014567138519353536,-0.019324284994496097
2019-01-23,0.0,-0.0058708683326356235
2019-01-24,-0.013837595911110214,-0.0008181173204053084
2019-01-25,0.009402263569808859,0.008962811390609006
2019-01-28,0.005909233651357889,-0.028133780987742323
2019-01-29,0.010334861642490353,0.022928829464541608
2019-01-30,0.01000124514868487,0.005367205334185172
2019-01-31,0.01087951971996591,0.0038853515283686166
2019-02-01,0.008380687617161165,-0.00032321361035935023
2019-02-04,-0.009884499501380735,0.010291124813514302
2019-02-05,0.0,-0.00851477211861337
2019-02-06,0.0009024525956774,0.011390178405880486
2019-02-07,-0.007168541372049982,-0.017053141074570954
2019-02-08,0.002647048456172691,0.007597182062869693
2019-02-11,-0.0030257041968347045,-0.009546228435543314
2019-02-12,0.016231118947394915,0.01468597157563929
2019-02-13,0.0021591175924584784,0.01888499277771698
2019-02-14,-0.0010414591165920936,0.014979201626170592
2019-02-15,0.015294316468535105,0.02568556295423412
2019-02-19,-0.005072202388436187,0.003014274367296156
2019-02-20,0.004852110573762677,0.009436225017961517
2019-02-21,-0.006843929628984292,-0.0001491186900519486
2019-02-22,0.008675669089424803,0.0007452575178838218
2019-02-25,0.0036780309093185043,-0.03579394128310552
2019-02-26,-0.0006610467022901501,0.006924655569117942
2019-02-27,-0.0017650163540905333,0.017933616172208
2019-02-28,0.00565162120890636,-0.0054372678182606675
2019-03-01,0.012436812296368957,-0.0003028876564772579
2019-03-04,0.000939310863822443,-0.00516410574268912
2019-03-05,0.002091925816751475,0.00288911389541259
2019-03-06,0.002303448886794167,0.0019718968076693232
2019-03-07,-0.006130220573711971,0.00468676019804871
2019-03-08,-0.0013028748818170442,-0.008482407480412051
2019-03-11,0.0036150821243684087,0.012696723907517499
2019-03-12,0.0044649643434646275,0.0013507895170703145
2019-03-13,0.00165101603715034,0.013113060418447517
2019-03-14,-0.010020778690927065,-0.00474848317094676
2019-03-15,-0.003047479602453182,-0.0010417396755509206
2019-03-18,-0.0031300951890328686,0.005642141775285756
2019-03-19,0.009216111255132017,0.0010358816173634152
2019-03-20,-0.008341705074345266,0.013077835138059308
2019-03-21,0.005882707008228182,-0.00938697691781971
2019-03-22,-0.008654265666306143,-0.012306506191789095
2019-03-25,-0.0021935924480171367,0.0026817702014118273
2019-03-26,0.014245556591915747,0.011244416958003902
2019-03-27,0.000937504887449942,-0.0020618473652370107
2019-03-28,0.001296677992085185,-0.00014746975504730705
2019-03-29,0.006531346010266125,0.008369473987729133
2019-04-01,-0.005811443559653831,-0.0005850653399633191
2019-04-02,-0.009180012804517032,0.014812996144966239
2019-04-03,-0.003928884192237532,-0.0008653762849861895
2019-04-04,-0.011732812545761761,0.0012977287940380946
2019-04-05,0.004489188714173582,0.013453685483377718
2019-04-08,-0.0002936521801915158,0.010746740365305407
2019-04-09,-0.0041955365339821065,-0.006915529175932217
2019-04-10,7.358470607449877e-05,0.015737330765680815
2019-04-11,-0.0027325839906168557,-0.012626451320986847
2019-04-12,0.005678549626722353,0.010113883037628627
2019-04-15,0.003963327213039155,-0.005184664285132205
2019-04-16,0.010927509782028914,0.007557781387904967
2019-04-17,0.0036162539728291834,-0.0013952628376744374
2019-04-18,-0.007245696294610174,0.004874979561332032
2019-04-22,0.0022517306953210884,0.028356117589613764
2019-04-23,0.014906882293740393,0.006327873165418013
2019-04-24,-0.005016312105017531,0.0008049042272076805
2019-04-25,0.0032275922576490597,-0.0029546250799829714
2019-04-26,0.005285281986944993,-0.0300363460146641
2019-04-29,-0.003925388128751804,-0.0015257733522299752
2019-04-30,0.009678321650077894,0.010494464106037212
2019-05-01,0.005297573367669732,-0.00013740141457032126
2019-05-02,-0.004730959394622802,-0.028426059184472198
2019-05-03,0.005153350956766606,0.0014124080765898453
2019-05-06,0.0005634446571782292,0.0054894838351330225
2019-05-07,-0.015032611524999151,-0.019274982473479717
2019-05-08,-0.0012866986252536613,0.0069876290474481986
2019-05-09,-0.007611825720329596,0.00028412394000363244
2019-05-10,0.002304112584672221,0.003262230443608004
2019-05-13,-0.013394145367914709,-0.005537811422582254
2019-05-14,-0.00277325190153498,0.014278810465002028
2019-05-15,0.0006576173714075504,0.007412086233416617
2019-05-16,0.009450543417034222,0.011773889138991876
2019-05-17,0.0028896717006346396,-0.005661876023066196
2019-05-20,-0.001371590841966862,-0.0033291453034220955
2019-05-21,-0.002169510647906201,0.0029136209616350346
2019-05-22,0.004622831258262906,-0.016624011483322376
2019-05-23,0.007395548147640961,-0.04656691008908053
2019-05-24,7.192628347107648e-05,0.013631581897949916
2019-05-28,-0.012902434211672928,0.020461782156331963
2019-05-29,-0.0427784786589522,-0.0094584206659494
2019-05-30,0.005921648451591774,-0.03785654811921186
2019-05-31,-0.0072932634788920115,-0.036240337242045215
2019-06-03,0.002208785219029913,-0.000620457862882993
2019-06-04,0.01727235375931581,-0.039239265362107166
2019-06-05,0.004848490420572627,-0.021860578971725605
2019-06-06,0.0169710302187581,0.017007721611645286
2019-06-07,0.013588817634327864,0.025929793940579073
2019-06-10,0.003386943042923649,-0.01592643928893012
2019-06-11,0.005451686168152427,0.0
2019-06-12,0.013500985710395973,-0.03795645642822838
2019-06-13,-0.006869736858841317,0.022098526638084214
2019-06-14,-0.004415922370631841,0.011352651120374797
2019-06-17,-0.00465065561440483,-0.017405884271677333
2019-06-18,0.005649291510567103,0.01950014312027087
2019-06-19,0.0015678116575705938,-0.0051629623752520405
2019-06-20,0.012453377968271888,0.041662750266966274
2019-06-21,-0.0008442697406777822,0.011569740092090141
2019-06-24,0.006803546805532244,-0.005228311837040552
2019-06-25,0.008214334407151695,0.002925141583081484
2019-06-26,-0.01670843964259862,0.02189527641321962
2019-06-27,-0.008211339598578773,0.0009020624119706115
2019-06-28,-0.010072189646656272,0.0
2019-07-01,0.0005738847450779202,-0.000751643035927434
2019-07-02,0.004795965048827471,-0.06363664783323916
2019-07-03,0.014955961013507412,0.02250131623970765
2019-07-05,-0.01110695460515212,0.006403827465685416
2019-07-08,0.0028415354319887695,-0.001870076014416507
2019-07-09,0.003116686073407447,0.0007796531164759836
2019-07-10,-0.0014154602391646916,0.043461873228335626
2019-07-11,-0.007820149729190736,-0.007339290004658953
2019-07-12,-0.04235196292044876,0.003002172486702639
2019-07-15,0.0030483296300527203,-0.0036035753038188615
2019-07-16,-0.01654154919401661,-0.03256429071262901
2019-07-17,-0.004842040982246885,-0.01078049087292614
2019-07-18,0.001591305500183716,-0.027551699579304142
2019-07-19,-0.01341589237244494,0.008681741168384636
2019-07-22,-0.012898584184625559,0.012566730298565093
2019-07-23,0.001553596829064749,0.008970136609720562
2019-07-24,0.0072695196575965826,-0.010235527750194904
2019-07-25,0.01027217891562468,0.0033183104633617263
2019-07-26,-0.0029787964509203455,0.0011036610606482526
2019-07-29,0.017365154370952356,0.003931750029958579
2019-07-30,-0.007091366382298917,0.015728769853365857
2019-07-31,-0.014182676641041269,0.006928920636167162
2019-08-01,0.0005374209544374655,0.0003069081393724999
2019-08-02,0.005968974799360696,-0.051947514497679176
2019-08-05,-0.00696724368277436,-0.03418571187203467
2019-08-06,0.004675586232244977,-0.014652940007623709
2019-08-07,-0.004291364813524759,-0.047069539846539825
2019-08-08,0.011226089119820998,0.020245415004789057
2019-08-09,0.0027302668502388323,0.019843593279120816
2019-08-12,-0.0008334960058507574,0.0006831924441410312
2019-08-13,0.011230449261275371,0.045557215604925726
2019-08-14,-0.023969635376351963,-0.030139716600311017
2019-08-15,0.0021472943455278833,-0.02123943590813465
2019-08-16,0.0062619872882990445,0.007016369182219496
2019-08-19,0.006752472717346998,0.01858479371421518
2019-08-20,-0.012554886778132423,0.004842576044706732
2019-08-21,0.007095848302596059,0.004487674151877249
2019-08-22,-0.0019787508079302826,-0.006321782430103127
2019-08-23,-0.027337607429996177,-0.009726691216548197
2019-08-26,0.008013209072785759,-0.010843877602777193
2019-08-27,0.014294868501869763,0.01370459762065899
2019-08-28,-0.007432846926037051,0.016333752414687208
2019-08-29,-0.003424956849028159,0.00970642046174417
2019-08-30,0.0009353041283312856,-0.010698834904867777
2019-09-03,0.0029560829930237067,-0.036569952702184626
2019-09-04,0.0009315394824220605,0.04102798791311799
2019-09-05,-0.002175077593222673,0.004110157810273293
2019-09-06,-0.0028817109497899117,0.00963351632609823
2019-09-09,-0.009876466517314542,0.016918138603662796
2019-09-10,0.020273697019914452,-0.0033607950721293435
2019-09-11,0.012427366254894382,-0.025490456587049366
2019-09-12,-0.005657594160449301,-0.007096329746749773
2019-09-13,0.002679903825445143,-0.0026533986442635956
2019-09-16,-0.009526791232371327,0.13639172570842875
2019-09-17,0.0010028996475928747,-0.06695610446266652
2019-09-18,0.005690659697453275,-0.014826718215806384
2019-09-19,-0.0023031440281340186,0.012500210449810064
2019-09-20,0.011766614367244419,-0.0018651349251711422
2019-09-23,0.0006835581179602187,0.007593959487390615
2019-09-24,-0.0014433243430128822,-0.02612173600104777
2019-09-25,-0.004266181041792121,-0.011315749025398902
2019-09-26,-0.016472004219361878,0.005594233175417871
2019-09-27,-0.001942106386362506,-0.013317514448802022
2019-09-30,0.00604724118609608,-0.018420947661781824
2019-10-01,0.004703550232008523,-0.0004936851840284054
2019-10-02,0.015344172823683984,-0.051683257756523174
2019-10-03,-0.006155080451935989,0.0003466283944646246
2019-10-04,0.01865278052227191,0.011371588058055477
2019-10-07,-0.0037482003581055788,-0.000342708334542745
2019-10-08,-0.009962242498825921,-0.001886899873853769
2019-10-09,-0.020072429737528947,0.0013726497593633939
2019-10-10,-0.0012392497915093414,0.01328581612583646
2019-10-11,0.017435835551425572,0.023577714302103633
2019-10-14,-0.004655513130567147,-0.019356517549723434
2019-10-15,0.01608761434102636,-0.010331141000853432
2019-10-16,0.017387728739567267,0.011509884874015318
2019-10-17,0.007371106228945006,0.008212594329881433
2019-10-18,-0.06422033423643063,-0.008212594329881372
2019-10-21,0.0025027734943564536,-0.007771606865859227
2019-10-22,0.009174941344802767,0.012472800824970588
2019-10-23,0.005403267000952637,0.024324810142493658
2019-10-24,-0.018648351428300392,0.008140715991621921
2019-10-25,0.00664463897496813,0.005659361740979828
2019-10-28,0.006445857727758038,-0.0072821870866544005
2019-10-29,-0.00046464091541957694,0.0003247882098775938
2019-10-30,0.028403013068799856,-0.016039616143090435
2019-10-31,-0.006040378897454252,-0.006289346577970372
2019-11-01,-0.006382004841121845,-0.000332123184582707
2019-11-04,-0.007420717486920805,0.031390544996433734
2019-11-05,0.0014578109508595416,0.01327060830051453
2019-11-06,0.0041319046561465594,-0.019567543307670975
2019-11-07,0.0035822574155175762,0.008868867703812141
2019-11-08,0.011874941642900524,0.0035256031286718392
2019-11-11,-0.007698832163949272,-0.005293107553999163
2019-11-12,-0.004784762805392936,-0.0019317283898745428
2019-11-13,-0.0006092866578859581,0.004982692263892031
2019-11-14,-0.0023643174311898402,-0.0014440460470118196
2019-11-15,0.02993841922599281,0.016244989731819925
2019-11-18,-0.0008155808007871432,-0.013679243443913651
2019-11-19,-7.422320006469816e-05,-0.024808711310204533
2019-11-20,0.008273235188917752,0.02416793748531304
2019-11-21,0.0036711830459446745,0.02484894271590792
2019-11-22,0.011875912843096066,-0.009108131876917286
2019-11-25,0.0004373364563545696,0.0040932383088152545
2019-11-26,-7.263690890459587e-05,0.009693558175083323
2019-11-27,0.004219219919094347,-0.00327280108169071
2019-11-29,-0.0018890466880065035,-0.02577417210782786
2019-12-02,-0.0009461124931350775,-0.00048063413337086315
2019-12-03,-0.0014570773812865795,-0.02564662259703861
2019-12-04,0.016055921057815455,0.03521604916000201
2019-12-05,0.001290491840706222,0.006171384276027408
2019-12-06,0.005858405423644944,0.01565222140355153
2019-12-09,0.0008546700660173621,-0.002176608295782254
2019-12-10,-0.0036368835727741,0.0013997411174678665
2019-12-11,0.007047063531307072,-0.009682960693649902
2019-12-12,0.002550448793252251,0.007504658961598909
2019-12-13,0.0002829753584770308,0.015763025917126205
2019-12-16,0.002895874845735693,0.0018381610480748504
2019-12-17,0.012406033158938049,0.011564373647292243
2019-12-18,-0.002580601911463226,0.0010584365787517699
2019-12-19,0.014972193215724985,0.005576123997391666
2019-12-20,0.00487258381809731,-0.0060295860239122576
2019-12-23,0.0025981783362698024,0.0037727352121710925
2019-12-24,-0.0034882257657165208,0.012126768578398346
2019-12-26,-0.0006857241438505363,0.010657312928060159
2019-12-27,-0.0005485186991751967,0.003527421205089033
2019-12-30,-0.003092406111173015,0.004099548447015521
2019-12-31,0.0039153647895942695,-0.0008771406515031878
2020-01-02,0.0006850669005946876,-0.03164487917837022
2020-01-03,-0.011645184515781701,0.03485704762237492
2020-01-06,-0.0012483668309469507,0.004508846023775064
2020-01-07,0.006088156081410961,-0.009330976253724733
2020-01-08,-0.00013769867277170196,-0.042336652656713075
2020-01-09,0.002961532169278962,-0.0010702499614657563
2020-01-10,-0.002271930097583282,-0.005983897738596964
2020-01-13,0.0044021808046533694,-0.012076418741234857
2020-01-14,0.005612390314239758,0.0045069767365515856
2020-01-15,0.00333830885817623,-0.007627056537625708
2020-01-16,0.008062281221688755,0.00964091954027014
2020-01-17,0.0065238649025116885,0.0035528843331520867
2020-01-21,0.000670031458031519,-0.004017343886490598
2020-01-22,-0.006856631774089158,-0.021597041346296558
2020-01-23,0.0018870435684209895,-0.01868314893491948
2020-01-24,-0.0014148333062415136,-0.022000435845585885
2020-01-27,0.0028951149774404496,-0.022832405094638304
2020-01-28,0.005028906313514443,0.0031978253268112916
2020-01-29,0.006932451213826903,0.005028556565383941
2020-01-30,-0.0011963104817136554,-0.02574232625347812
2020-01-31,-0.009959139220523222,-0.0022327371622046545
2020-02-03,0.008694932825205354,0.000687537244641656
2020-02-04,0.00947737696225445,-0.0756423534735404
2020-02-05,0.015642078705825728,0.02416814300445346
2020-02-06,-0.002991475468811042,-0.006351504466979818
2020-02-07,-0.01073950583256302,-0.008409539104109088
2020-02-10,-0.00019760819747163748,-0.022276784283960287
2020-02-11,0.0008559827640288717,0.013795854005654683
2020-02-12,-0.0059392210317106954,0.03242547473984197
2020-02-13,-0.006640746038844258,0.009810106888889
2020-02-14,0.000266537577530971,0.017244832479332707
2020-02-18,-0.006616196819483788,0.007473751766003469
2020-02-19,-0.0013416813645202677,0.023445909171141414
2020-02-20,-0.003834274370944821,0.0032086904320504698
2020-02-21,0.010459096240237723,-0.013751194767284064
2020-02-24,-0.020822122466886167,-0.03833223264348862
2020-02-25,-0.008672904336271157,-0.024270826860443455
2020-02-26,-0.00672872958483416,-0.028051303052505274
2020-02-27,-0.032251540669193925,-0.023673106124270874
2020-02-28,-0.03392134664731837,-0.0323299790137735
2020-03-02,0.04036991231530284,-0.000792097378589769
2020-03-03,-0.032149655597096746,0.026970582714995545
2020-03-04,0.05655986635981915,-0.01417636189764057
2020-03-05,-0.010298127217039111,-0.02254841098056453
2020-03-06,0.00014080624625644204,-0.09917844744180751
2020-03-09,-0.04015346290169162,-0.27575145668023454
2020-03-10,0.03740382823181444,0.07995316913158396
2020-03-11,-0.07200287391585912,-0.039177733652602534
2020-03-12,-0.04969732511033273,-0.0745164094272906
2020-03-13,0.06841315218419763,0.018786813349441232
2020-03-16,-0.05479142310182509,-0.11907631868840345
2020-03-17,0.0717736790046243,-0.044920778534316815
2020-03-18,-0.012005339740523022,-0.14387762291816714
2020-03-19,-0.06039779649700364,0.13478664303200127
2020-03-20,-0.05800601653752319,-0.05375504335890181
2020-03-23,-0.07578404310504824,0.0018515518786137634
2020-03-24,0.06984439700715185,0.004429646638048709
2020-03-25,0.001844139445487191,0.008800928661755294
2020-03-26,0.058316369279803854,-0.03908925888310411
2020-03-27,-0.027311151325919734,-0.05501679233137187
2020-03-30,0.0769398767623741,-0.09106729046232354
2020-03-31,-0.014234998925654675,-0.0008791410572241768
2020-04-01,-0.017850759749975867,0.000879141057224106
2020-04-02,0.033137807442507446,0.2741907775146281
2020-04-03,0.007631456026844763,0.1303952174951018
2020-04-06,0.04081893881814661,-0.031569071110885624
2020-04-07,-0.01644832722505922,-0.03635638845102778
2020-04-08,0.04118273232706119,0.02998213446836474
2020-04-09,-0.014271292914081574,-0.04229488022284128
2020-04-13,-0.010391603598567244,0.008225298879325292
2020-04-14,0.043814199178996954,-0.06980333366960965
2020-04-15,0.011099768964564114,-0.06670301774761381
2020-04-16,0.013520801781904585,0.004683819055751004
2020-04-17,0.015579008077487352,0.009302400914947061
2020-04-20,-0.0023050926403556334,-0.09363779907240957
2020-04-21,-0.013207198272252352,-0.2797614880948595
2020-04-22,0.02187271111733614,0.05240498216487274
2020-04-23,0.01633737348677287,0.046051257468228475
2020-04-24,-0.004188457035485387,0.005143832205583004
2020-04-27,-0.0036875053477927605,-0.07002622404951277
2020-04-28,-0.018974719035140312,0.023239578713805414
2020-04-29,-0.007625006389040681,0.0968198334532265
2020-04-30,-0.0013323638588444498,0.11432639028548452
2020-05-01,-0.01173198231203546,0.0007911573680248167
2020-05-04,-0.00013503387311375014,0.07280790446816239
2020-05-05,0.008261685856175644,0.12980197046260408
2020-05-06,-0.009543752106465781,-0.04119877506806109
2020-05-07,-0.003314551166714949,-0.008786816788218644
2020-05-08,0.0074929176448808475,0.04998559185627972
2020-05-11,0.0027533204880981163,-0.044231638552099606
2020-05-12,-0.013299961840021636,0.011743144143782788
2020-05-13,-6.786891774404675e-05,-0.02670427424354974
2020-05-14,0.0034602947374450838,0.06434575433259176
2020-05-15,0.01878754713586177,0.04306813184116668
2020-05-18,0.0005314474028625103,0.06866465193870404
2020-05-19,-0.010015169039636309,-0.0046069716015752216
2020-05-20,-0.009032969421145906,0.03125249946719612
2020-05-21,-0.006589639269177526,0.008633986718653938
2020-05-22,-0.009170584505609522,-0.026128759176288832
2020-05-26,0.0013152937961447104,0.029174498658048966
2020-05-27,0.0022802066652477825,-0.0403381862123667
2020-05-28,0.014253758552313752,0.015707854502082244
2020-05-29,0.012038566096287978,0.0011328495680979934
2020-06-01,-0.010542883636311525,-0.0002831461027959938
2020-06-02,0.007175787069282167,0.11362188058958285
2020-06-03,0.0026942653995400455,0.005544399762786702
2020-06-04,-0.01300009048332963,0.005013817383071267
2020-06-05,0.0038769838326750536,0.05615760318494942
2020-06-08,-0.0036044824182583975,-0.036105005305218985
2020-06-09,-0.005533865358103489,0.009270646299800497
2020-06-10,0.012527238156076516,0.013267574623386852
2020-06-11,-0.048022696300867466,-0.07926420341537527
2020-06-12,0.00904539159374052,0.004658401488872677
2020-06-15,-0.006351543377636118,0.025240388202374158
2020-06-16,0.022471492319966063,0.03074108846983184
2020-06-17,-0.003050499072708292,-0.006122218353626866
2020-06-18,-0.004244735435103633,0.019460581603823416
2020-06-19,0.002924389380286571,0.016248871956385465
2020-06-22,-0.0030636463585290833,0.020875701205685198
2020-06-23,-0.003703070294984683,-0.010500638959176096
2020-06-24,-0.021509143729725434,-0.05595864463528123
2020-06-25,-0.001073738967003862,0.018191206115502866
2020-06-26,-0.01340649293829841,-0.0007310535090646587
2020-06-29,0.00888595526003189,0.016681122455266886
2020-06-30,0.011370634188447139,-0.013516922055050208
2020-07-01,-0.0017794043490673161,-0.00048615599239310584
2020-07-02,0.004193969459576143,0.0477128186012697
2020-07-06,0.01415786940459053,-0.0009276651063729722
2020-07-07,-0.0009098972486499743,-0.00046406691470096575
2020-07-08,0.0029363085635528683,0.004862787810814128
2020-07-09,-0.005459313690326153,-0.02195329753472752
2020-07-10,-0.0008427742633169112,0.020797646520598415
2020-07-13,0.019751929579429544,-0.012098808362012454
2020-07-14,0.018490611934918407,0.004204638275793083
2020-07-15,0.0022958174863655038,0.02053364021828735
2020-07-16,0.006655091966191784,-0.009637568501230345
2020-07-17,0.0006699009249829362,-0.005317306406448919
2020-07-20,0.0016725657183507847,0.0032399795205883255
2020-07-21,0.0009354298463822855,0.023745429219853145
2020-07-22,0.0018015679027758925,-0.0006770969469888953
2020-07-23,-0.002670144238951142,-0.022375351671364563
2020-07-24,-0.01000918429238162,0.0006924126939906257
2020-07-27,-0.00636642987991118,0.0016138261675317847
2020-07-28,-0.002380568231090231,-0.004386446473781735
2020-07-29,-0.0019773461707715393,0.01218823348094314
2020-07-30,0.002045115670047173,-0.01868785233461492
2020-07-31,-0.007382166352278299,0.008348856919586712
2020-08-03,0.010849533633319693,-0.00092423566319307
2020-08-04,-0.0008827854102970501,0.0266865420911023
2020-08-05,0.007983413179443734,0.01651818531304302
2020-08-06,-0.00574458878036115,-0.0017726133124807252
2020-08-07,0.007091153293710695,-0.015420992012246164
2020-08-10,-0.0038431154148106596,0.013200776355812464
2020-08-11,-0.007186375166898022,-0.01095109098843846
2020-08-12,0.018137431562139546,0.020683497316612006
2020-08-13,-0.01115354307849609,-0.010399501266523828
2020-08-14,0.0016203421569872772,-0.0035650628312419866
2020-08-17,0.005046741340872293,0.012642947742507515
2020-08-18,0.007355420379982448,0.0019817281516637426
2020-08-19,0.001996904439419467,-0.001981728151663667
2020-08-20,0.006825387327965616,-0.010413241401400354
2020-08-21,0.008810835214345624,-0.01232515438194692
2020-08-24,0.0026325845482680185,0.01743456315622975
2020-08-25,-0.0005918517286316397,0.016046053232345373
2020-08-26,0.0015770527364989643,-0.004808779118073258
2020-08-27,0.004454893495499993,-0.012124015803636272
2020-08-28,0.00430515375070643,-0.0008875286981128289
2020-08-31,-0.0014979738398891093,0.001109245556443143
2020-09-01,-0.01239661461865593,
2020-09-02,0.015130587290162499,-0.014967288858892402
2020-09-03,-0.028217407832767015,-0.008135651887405384
2020-09-04,-0.0064397241159057155,-0.03251756246273213
2020-09-08,-0.008991190611843777,-0.06989746672689436
2020-09-09,0.016433459646943496,0.025072733034891142
2020-09-10,-0.018813318979378768,-0.018058611255837968
2020-09-11,0.005904709005333222,-0.005757921353226758
2020-09-14,0.003849541612465055,-0.005538816122446678
2020-09-15,0.0036332558282739977,0.02296078347885669
2020-09-16,-0.003296070346541557,0.04085166081137687
2020-09-17,-0.008323315907140375,0.02525854605550947
2020-09-18,0.0135654113490325,-0.0034701644969594696
2020-09-21,-0.02773044508181846,-0.0404358880796707
2020-09-22,-0.006152695364054859,0.006734094580029052
2020-09-23,0.0015940437225401892,0.0011977300762390673
2020-09-24,0.001590926749204501,0.004061603261357402
2020-09-25,0.006819905787976221,-0.00047699639654470016
2020-09-28,0.00990519902286002,0.012092670073640416
2020-09-29,-0.0003399145841877646,-0.03355218970406972
2020-09-30,0.012299996541053944,-0.001951647772538406
2020-10-01,-0.010533450451428733,0.0002441294494318741
2020-10-02,-0.007358084393715548,-0.04213507813276315
2020-10-05,0.013515912753014562,0.05015948182435251
2020-10-06,-0.013379239489058501,0.03240694764334992
2020-10-07,0.011015538792861828,-0.015595775045335965
2020-10-08,0.006806280899402279,0.03164446495981678
2020-10-09,0.013873645258538042,-0.011370390194918353
2020-10-12,0.005746148438744976,-0.026724950042017824
2020-10-13,-0.02318562595766853,0.017346271338022776
2020-10-14,-0.0017540386040062724,0.02028748435808724
2020-10-15,-0.006163363646251862,-0.0037002782335708996
2020-10-16,0.00616336364625189,-0.0053432475093805635
2020-10-19,-0.025854442430818463,-0.007247287736043632
2020-10-20,0.0015921325862502695,0.012590535245424164
2020-10-21,-0.004298479056885086,-0.03369385322072633
2020-10-22,0.007958242460331812,0.0173421510791892
2020-10-23,0.0011025212848626365,-0.016384045244762887
2020-10-26,-0.008782816555935474,-0.03186458035659627
2020-10-27,-0.005711891992381008,0.018124465761791213
2020-10-28,-0.03403403372257261,-0.05180445701037138
2020-10-29,-0.008492315634422392,-0.038300823089163036
2020-10-30,-0.0005829665279963409,-0.00505932219808382
2020-11-02,0.011457543994258903,0.0
2020-11-03,-0.0013710791794590111,0.05832934951201497
2020-11-04,0.006477483115657419,0.03756311352829917
2020-11-05,0.0025790023452638305,-0.0073028376557711565
2020-11-06,0.01765951672922888,-0.03682923132906704
2020-11-09,0.026568326952201998,0.07211433159433533
2020-11-10,0.014947778364136717,0.028138097624732464
2020-11-11,-0.0032422002221426964,0.004347304113337351
2020-11-12,0.0033773328186619007,-0.00618347244228653
2020-11-13,0.010731043777376884,-0.017379652401580625
2020-11-16,0.006317543685697403,0.02401965208319272
2020-11-17,-0.009993246442450044,-0.001598714399393454
2020-11-18,-0.01334621930572531,0.013395594825856639
2020-11-19,-0.0015620985668563898,-0.003162401284754138
2020-11-20,-0.0053150823624519864,0.01704837887755679
2020-11-23,-0.010234554927578271,0.024171738985519026
2020-11-24,0.0,0.03833517102527877
2020-11-25,-0.0013214287285241157,0.015549188380373995
2020-11-27,0.002224754054033107,-0.008885280092653337
2020-11-30,0.004711116883881029,-0.012321345181480616
2020-12-01,0.018964660752879434,0.000420177686925247
2020-12-02,0.004668648540438911,0.013352991758749056
2020-12-03,0.005788462894835477,0.009488501237986221
2020-12-04,0.008487373263286328,0.01102503859511686
2020-12-07,-0.008688629296262816,-0.00938397502570075
2020-12-08,0.01717056163667323,0.0010242597743471097
2020-12-09,0.010175859744396986,0.00040942595469555134
2020-12-10,-0.005567543764273461,0.0280514686177455
2020-12-11,0.004587176782812936,-0.005587697154352032
2020-12-14,-0.025694873913828672,0.00638341860399824
2020-12-15,0.0100119181451784,0.009302341390633285
2020-12-16,-0.00599527018483077,0.006284457231676039
2020-12-17,0.026049291892298564,0.00818874065854965
2020-12-18,0.0057767353383311425,0.014649420305155892
2020-12-21,-0.009690336828206345,-0.026171863057810392
2020-12-22,-0.0019619591316599,-0.016437601562599994
2020-12-23,-0.005120936889904467,0.02211778359218723
2020-12-24,0.0034823512814003486,0.0017562723045701886
2020-12-28,0.004711141175524016,-0.00841904725659924
2020-12-29,0.0061820297527653565,0.00451201433476139
2020-12-30,0.01231519484571529,0.004881392085744301
2020-12-31,0.008487020041760655,
2021-01-04,-0.005607189002511602,-0.004881392085744216
2021-01-05,0.01168860089824503,0.047960253279510354
2021-01-06,0.00936595982028523,0.01297517328057341
2021-01-07,0.003372984679268788,0.0014722459565775809
2021-01-08,-0.002060124465045404,0.029176674492759236
2021-01-11,-0.0041950398946788885,-0.005911379982459529
2021-01-12,-0.007810955435061807,0.016393844879329024
2021-01-13,-0.0015190372768639265,-0.0092330280021964
2021-01-14,0.01732943580759185,0.006401102886400397
2021-01-15,-0.002180980188523843,-0.023673984653883217
2021-01-19,0.015352532246536175,0.014414718991668345
2021-01-20,-0.0024601887576306217,0.0032148679194607074
2021-01-21,-0.004011198789278277,0.0003565099522874926
2021-01-22,0.011190569059180913,-0.012375705203921518
2021-01-25,0.014748633341106343,0.008446473377745437
2021-01-26,0.02675070401707874,0.0005366988061771741
2021-01-27,-0.015368562532784633,-0.0017901629025017802
2021-01-28,0.007595380602951103,-0.005029696136134952
2021-01-29,-0.03629734460340687,0.006283160232459482
2021-02-01,-0.0025779196689157476,0.0
2021-02-02,-0.009013758762217676,0.027882484114637816
2021-02-03,-0.004662033874797365,0.017253706404506845
2021-02-04,0.00924090784215774,0.0064791543041532035
2021-02-05,0.01507165380326524,0.008461719107588117
2021-02-08,0.00285441570338295,0.0203510143716361
2021-02-09,0.00815237783379383,0.008713557353702227
2021-02-10,0.003242252707673438,0.0062010816180050905
2021-02-11,-0.004506190633348848,-0.005382964297599755
2021-02-12,0.0031264883327483135,0.02087962748210367
2021-02-16,-0.009106189722671984,0.014628948718721429
2021-02-17,0.00356796374656053,0.015506582212135545
2021-02-18,0.00048291363317688084,-0.0063927253405688935
2021-02-19,-0.016792942616413446,-0.016083608395784883
2021-02-22,-0.0006176653082698225,0.0363676138521867
2021-02-23,-0.008873428409168391,0.0019907346319477173
2021-02-24,0.01331186186187469,0.025225990189683894
2021-02-25,0.0010447910393570532,-0.0023895421211313534
2021-02-26,-0.026774328375448072,-0.011277467555631823
2021-03-01,0.0054124181061187375,-0.002725627263986551
2021-03-02,-0.001884802644912441,-0.050535373082543626
2021-03-03,-0.017764698996203008,0.021614771080799934
2021-03-04,-0.020369991509481336,0.04082821042721123
2021-03-05,0.01960162361906926,0.03850589995706988
2021-03-08,0.008293581471746761,-0.016279469393293035
2021-03-09,0.0019038676414448957,-0.01060707130867429
2021-03-10,0.009152746280792393,0.0056122564670115565
2021-03-11,-6.265619817562857e-05,0.025159412471977827
2021-03-12,0.00288643232056185,-0.005905613666751599
2021-03-15,0.005124640215318931,-0.00492403559772953
2021-03-16,0.005904394610788094,-0.007139214059158822
2021-03-17,-0.00372493567928502,-0.005718901009324729
2021-03-18,-0.0018678904148288654,-0.07193840100721295
2021-03-19,-0.002683101691530344,0.019560908862023073
2021-03-22,0.0028700168564832497,0.0013937898690251484
2021-03-23,-0.0009350286915008121,-0.0610986860788184
2021-03-24,0.009681682335544377,0.05784364059389785
2021-03-25,0.0003705738244533198,-0.03894133702446334
2021-03-26,0.018109834706093723,0.04142228152153926
2021-03-29,0.006707630354775154,0.0063296799898833415
2021-03-30,-0.006222573504705669,-0.013011397152899031
2021-03-31,-0.00400789118481391,-0.009398541499034614
2021-04-01,-0.009291460972503688,0.0009438031042224588
2021-04-05,0.003677999104379113,-0.02306260384599845
2021-04-06,-0.0002447930428965399,0.009448387006998987
2021-04-07,0.0013455701656673333,0.006671957456276928
2021-04-08,-0.003919267420144821,0.0006331262530915522
2021-04-09,-0.010610304329095129,-0.003963540614513474
2021-04-12,0.0024156547741698235,0.00522853155876869
2021-04-13,-0.013453254636933669,0.006144161101524169
2021-04-14,0.00275548742050593,0.04469079437803289
2021-04-15,0.0029345457721718575,0.005392472606289403
2021-04-16,0.011468554561468239,-0.002542904661040013
2021-04-19,0.002769559432755132,0.0041848276486442905
2021-04-20,0.023028840090369013,-0.007184634214016132
2021-04-21,0.0006602254972478025,-0.018955757598075343
2021-04-22,-0.008499788264570101,0.0012240183643813882
2021-04-23,0.002056178679697681,0.010797748783215913
2021-04-26,-0.008494110449633024,-0.006982406586411758
2021-04-27,-0.005744064191123139,0.01166056438934014
2021-04-28,-0.0073811133399057675,0.0127161337543469
2021-04-29,0.013612829468408544,0.01899491654462169
2021-04-30,-0.008993151309862914,-0.01929222019779917
2021-05-03,0.015125117298734014,0.0005946323239749465
2021-05-04,0.015376531472520575,
2021-05-05,-0.004181030394175824,0.02451496227330551
2021-05-06,0.00400211681971737,-0.01269630736772097
2021-05-07,0.004520674102092563,0.002786574336830026
2021-05-10,0.010449624126594257,0.0005856649651178476
2021-05-11,-0.00819682965537605,0.003360905513580224
2021-05-12,-0.0040348201605464535,0.011170009917948951
2021-05-13,0.010409497519327633,-0.03329480520264059
2021-05-14,0.0015284216058285807,0.024456080476126348
2021-05-17,0.0009982742085495849,0.010856298416815794
2021-05-18,0.00035193993766206296,-0.010856298416815884
2021-05-19,-0.0021730998969561894,-0.030289607901744217
2021-05-20,0.005804127375092837,-0.023526971193795685
2021-05-21,-0.0006432204129121052,0.020221164868192993
2021-05-24,0.0038184817774099948,0.029950298237743568
2021-05-25,-0.0027596788035939455,0.0027715347120448085
2021-05-26,-0.005955822107240933,0.0031995549963681194
2021-05-27,-0.0015393206430630347,0.008530324698006304
2021-05-28,0.002603124028915634,0.0024444353737848564
2021-06-01,-0.022224462352204745,0.0
2021-06-02,0.004039438745327417,0.02440185302794478
2021-06-03,-0.000963171930183192,-0.0005607867333246127
2021-06-04,-0.00042163002273352246,0.008100628702012601
2021-06-07,-0.006831583095881497,-0.005579614608472627
2021-06-08,-0.008835491009600807,0.010159482854643425
2021-06-09,0.013374848469756844,0.0
2021-06-10,0.00895775713210003,0.004145306845011569
2021-06-11,-0.01276949113906461,0.0023415174862060485
2021-06-14,0.002482250491728849,0.002335942874371047
2021-06-15,-0.005335479991171622,0.015390120108114717
2021-06-16,-0.00036493523355193863,0.005391595932918977
2021-06-17,0.004792785275439794,-0.017766759433208656
2021-06-18,-0.019804908861336023,0.005866723881113683
2021-06-21,0.011417520539946659,0.018732430448986422
2021-06-22,-0.0013435928566834588,-0.0012023776458336068
2021-06-23,-0.006069013152180398,0.0050667426102065545
2021-06-24,0.004539843711159563,0.004908734462717795
2021-06-25,0.00512849648416372,0.008171954733961775
2021-06-28,-0.0011577903458299145,-0.019886642296473134
2021-06-29,6.111765526876182e-05,0.0010706884019053417
2021-06-30,0.004319042148429215,0.004936898661468477
2021-07-01,0.007378418911138462,0.009405899836116562
2021-07-02,0.018033511008487737,0.004341850686185245
2021-07-06,-0.0059950027721225796,-0.021765947830722297
2021-07-07,0.008536338029312807,-0.014869136895392224
2021-07-08,-0.0019496191483447537,0.009352862853512382
2021-07-09,0.003954696772792504,0.019109290639589112
2021-07-12,-0.0015918130499698912,-0.005175505843186665
2021-07-13,-0.0012398202007399314,0.017540762136098776
2021-07-14,0.006770848574634286,-0.022876974243669163
2021-07-15,-0.01210215078995446,-0.017405834914699665
2021-07-16,-0.001604772646228494,0.0016319209276507332
2021-07-19,-0.007284145091581358,-0.06992501971855172
2021-07-20,0.009364052933265457,0.010582047301988126
2021-07-21,0.006154844583590114,0.040689393780107636
2021-07-22,0.002886844835845678,0.021367714939107708
2021-07-23,0.01059210944302551,0.004192278232407083
2021-07-26,0.00046567835955954037,0.0053836136756307785
2021-07-27,0.004585977866973894,-0.0002684473450921285
2021-07-28,-0.002784033593900186,0.0034847174347579775
2021-07-29,0.0,0.01737566335842925
2021-07-30,0.00011615229615325595,0.0036750109654332366
2021-08-02,0.00040657015629815235,-0.04611462277851875
2021-08-03,0.01223122109162524,-0.006606985045159602
2021-08-04,-0.005924032696581848,-0.02843536910696152
2021-08-05,0.0019019110736645229,0.012846985103431453
2021-08-06,-0.0033450092287539515,-0.008310548234198974
2021-08-09,0.0034600570149358545,-0.0237594697016377
2021-08-10,0.0003453481520275632,0.022768884497928955
2021-08-11,0.0001726767183077494,0.011403026208536598
2021-08-12,0.008022788246276575,-0.0018214349387710993
2021-08-13,0.0059753888114960855,-0.010148096274897912
2021-08-16,0.008980899003458904,-0.015417781683692445
2021-08-17,0.00912386605937918,-0.006929482813378128
2021-08-18,-0.01278571977338059,-0.011656775004134097
2021-08-19,0.007758364712154893,-0.026434660793961094
2021-08-20,0.004860042458059497,-0.019297061142166023
2021-08-23,-0.00432598459966683,0.0533240584552189
2021-08-24,-0.012578103449344274,0.03290716094868432
2021-08-25,-0.006635722800352105,0.016748429497176472
2021-08-26,-0.00535202289621286,-0.016467024447754646
2021-08-27,-0.0021375189551839035,0.02267604001727452
2021-08-30,0.004212623477402012,0.00971887344632933
2021-08-31,-0.0030567579987987015,-0.0057377998122904224
2021-09-01,0.003517433728732497,-0.01936706794193126
2021-09-02,0.006825764524637731,0.019914950662757985
2021-09-03,0.0006286140016846872,-0.005767637118883045
2021-09-07,-0.015661237251389938,-0.012751359878217464
2021-09-08,-0.0024402741381858925,0.012613598893308136
2021-09-09,-0.022532347498671307,-0.015967039149054684
2021-09-10,-0.006566578377784862,0.02036506303592312
2021-09-13,-0.007031822125313099,0.008058555746399493
2021-09-14,-0.0060498046522709835,0.001223524556377764
2021-09-15,0.0037552436853553113,0.024957697400766414
2021-09-16,-0.0012099694074312166,0.002779054104988875
2021-09-17,-0.0028487671294018945,-0.004370602852411224
2021-09-20,-0.00572149741189274,-0.019027751093457123
2021-09-21,0.004385471154194096,0.005934768498639207
2021-09-22,-0.003653405420525652,0.024312081467268938
2021-09-23,0.00565707381825436,0.013816663249279777
2021-09-24,-0.0030372762659985845,0.010815045000718271
2021-09-27,-0.007266728263827133,0.018272332841506235
2021-09-28,-0.0022087586223502307,-0.005547895391819288
2021-09-29,0.00740446197664341,-0.005705930150686414
2021-09-30,-0.015483160732926944,-0.001527141421907292
2021-10-01,-0.0063980826977129285,0.009632547968700556
2021-10-04,-0.007820141880319778,0.02466804222404493
2021-10-05,0.0022584015525636413,0.015871355313543518
2021-10-06,0.00206585833272613,-0.01808892799484756
2021-10-07,0.008902724083893416,0.010672923783464494
2021-10-08,-0.002544535286324844,0.005354794968848032
2021-10-11,-0.004234297522905394,0.01517738275464265
2021-10-12,-0.016103798785364925,-0.002753378855092469
2021-10-13,0.00953004833057648,-0.0028811288353448807
2021-10-14,0.0056997772728865385,0.009809860859687831
2021-10-15,0.007404994413086942,0.010186048123318229
2021-10-18,-0.0073424475220610005,-0.0062651516671127245
2021-10-19,0.023149672275038127,0.008854316554081327
2021-10-20,-0.0005491752171734686,0.008660064153779679
2021-10-21,-0.0023228939634535118,-0.014199605857265951
2021-10-22,0.0019563429940750434,0.010814707170354099
2021-10-25,0.0021964952780446248,0.005363808259558507
2021-10-26,0.01012651356896199,0.004756707890618279
2021-10-27,-0.012200876886569855,-0.021289839777512674
2021-10-28,-0.005450064592696231,-0.003078772519337846
2021-10-29,0.00018427136452044566,0.000711292972242865
2021-11-01,0.0008590159082632722,0.0039032734896382224
2021-11-02,0.015641941092807952,0.00011806806615199769
2021-11-03,-0.0032057695624482774,-0.032754453148510505
2021-11-04,-0.002790886127326777,-0.017843295762647402
2021-11-05,-0.007133632240731539,0.026949168424000882
2021-11-08,-0.0034322565393324054,0.008304825357178327
2021-11-09,-0.002212831558942475,0.01605169095416173
2021-11-10,0.010771784109287525,-0.025565834100295486
2021-11-11,-0.007393051529892098,0.002779330578495924
2021-11-12,0.011887660897818118,-0.008482898344852444
2021-11-15,-0.00907045388004543,-0.001461394929380259
2021-11-16,-0.005211731383314468,0.004620597297399024
2021-11-17,0.0037429877821305796,-0.026428943304810108
2021-11-18,-0.005404092896893059,0.01188720169431228
2021-11-19,0.0030124977658304098,-0.029353241046623558
2021-11-22,-0.013249417938059034,0.010215078135350058
2021-11-23,0.006180153883424853,0.032223029817832316
2021-11-24,-0.002804482259274417,-0.0007291876779574276
2021-11-26,-0.006511327656061469,-0.1231469229899114
2021-11-29,0.0034487425946579213,0.009852312900213723
2021-11-30,-0.024202906592694556,-0.03986365886748544
2021-12-01,0.013694096576852067,-0.02438441125101787
2021-12-02,-0.006282410236681584,0.011549073322922888
2021-12-03,0.014472503968146855,0.0030096632013869857
2021-12-06,0.02209081878018556,0.04477531060369844
2021-12-07,0.002574279723890857,0.03178291412213797
2021-12-08,0.005981170863678814,0.005024435375758508
2021-12-09,0.009447416790637656,-0.018637407749044932
2021-12-10,-0.0024743006523686192,0.009761438189286355
2021-12-13,0.01772820184537074,-0.01016462050492935
2021-12-14,0.010863871606043702,-0.009318758211047171
2021-12-15,0.004979078942325154,0.002439360367329335
2021-12-16,0.010867501733595695,0.01531258175177888
2021-12-17,-0.028017302168266336,-0.020197267519269035
2021-12-20,-0.0028573125000553932,-0.027580348459022557
2021-12-21,-0.003224302144540331,0.0338177478522715
2021-12-22,0.004296957028257996,0.017552504241505208
2021-12-23,0.0019035151807613852,0.02050811410727306
2021-12-27,0.00840441870245842,0.022516229892626662
2021-12-28,0.004000045113963031,0.004316421140123197
2021-12-29,0.007019475354984621,0.003666956184559522
2021-12-30,0.0044203201747546,0.0011352424575692592
2021-12-31,-0.007222352383994931,-0.0015140395161111924
2022-01-03,0.00274346407500812,-0.0027815619259906666
2022-01-04,-0.0026850201293638046,0.012831936311788373
2022-01-05,0.00664164089828832,0.009950368622447272
2022-01-06,-0.0034319043695036134,0.01462025925698872
2022-01-07,0.013426970925903935,-0.0029314527759547178
2022-01-10,-0.004956210419910499,-0.01082284870670404
2022-01-11,-0.010687472204064697,0.03463495108792288
2022-01-12,-0.008562072033194208,0.011283413869825253
2022-01-13,-0.00608471753019436,-0.0023648698376802176
2022-01-14,-0.005466284974199736,0.01864824285107383
2022-01-18,-0.004418733276743723,0.016708397917211567
2022-01-19,-0.0031167175822692885,0.01057128663545987
2022-01-20,-0.008016202431355821,-0.0006787149688418971
2022-01-21,-0.0023022946874881457,-0.005559642993569911
2022-01-24,-0.011591160676350529,-0.01860415145551945
2022-01-25,0.02819324999066278,0.022125054235775852
2022-01-26,0.004463884025509092,0.0197581885017494
2022-01-27,0.013039674738693935,-0.006915841980796554
2022-01-28,0.007009920559356014,0.007693659628267731
2022-01-31,0.0029061862720526277,0.013021595592953792
2022-02-01,-0.008217380752824695,0.0008767324512789776
2022-02-02,0.010999693412972501,-0.02013787540255069
2022-02-03,-5.8154547325573473e-05,0.01816418722161053
2022-02-04,-0.0065621788092299895,0.023430902322373597
2022-02-07,-0.00332662783596772,-0.0062378585199837164
2022-02-08,0.0026271343479755105,-0.020821634645728757
2022-02-09,-0.0001165034316507353,0.008446320873357439
2022-02-10,-0.012144051714962897,-0.0015303827266625468
2022-02-11,-0.010144549847662386,0.03260981634052664
2022-02-14,-0.012661045060569075,0.02137102970425025
2022-02-15,0.010273048134580066,-0.03373005825722042
2022-02-16,-0.0005979642373569837,0.016269153663611122
2022-02-17,-0.006118827108543506,-0.019597989581511186
2022-02-18,-0.010776549580122674,0.006112288487447182
2022-02-22,-0.013682821176463814,0.034670932168485866
2022-02-23,0.0004963970725208039,0.0
2022-02-24,-0.01928923736829111,0.022867528847951738
2022-02-25,0.04850699385967496,-0.011674682252759146
2022-02-28,-0.00865161989906198,0.030768540036606663
2022-03-01,-0.0034696789235786527,-0.0013872316155361236
2022-03-02,0.01236231026231524,0.1131339111678854
2022-03-03,0.014588231631562578,-0.022114704253197687
2022-03-04,0.005917942928889172,0.0669629426066836
2022-03-07,0.01597978220323987,0.042273810414542104
2022-03-08,-0.020474167927025715,0.03798381873550438
2022-03-09,0.0037861476403829855,-0.14108336558141701
2022-03-10,0.001769655593499254,-0.01641981416568371
2022-03-11,-0.0018286980817404591,0.03009232773023528
2022-03-14,0.013722809437497705,-0.05256934361970051
2022-03-15,0.025588641491404204,-0.06762401490588109
2022-03-16,-0.009239728788805216,-0.019098312165043246
2022-03-17,0.012979790639807864,0.08428716491301076
2022-03-18,-0.011147841328817588,0.012024201517812836
2022-03-21,0.0056463247275224645,0.06882610374479065
2022-03-22,-0.004731607051291759,-0.001211591545452315
2022-03-23,-0.0037786962868031552,0.05163957311959268
2022-03-24,0.005149251973879685,-0.021361405059355985
2022-03-25,0.009541103813719056,0.013518252793828485
2022-03-28,0.005130399280673299,-0.07011834681112303
2022-03-29,-0.0005061859325972855,-0.020206335477944353
2022-03-30,0.010354680535838766,0.028793061897140856
2022-03-31,-0.013228190808942695,-0.050064604013923895
2022-04-01,0.005402062887148959,-0.002226603490890363
2022-04-04,-0.00969949269107472,-0.0013011097712271017
2022-04-05,0.006439239024985447,-0.008311196903248585
2022-04-06,0.025679350037417264,-0.053645327079854956
2022-04-07,-0.002582268080628163,-0.00485989411834489
2022-04-08,0.0019785048770246776,0.021637320738452186
2022-04-11,-0.012598233108011132,-0.04273725372356585
2022-04-12,0.0003335456117722121,0.060672365912355246
2022-04-13,0.004215667305910693,0.038801600897035916
2022-04-14,-0.0042156673059107076,0.026489195981081844
2022-04-18,-0.01252944746419154,0.012986100041455192
2022-04-19,0.030051619462272083,-0.05364022098746452
2022-04-20,0.0044144219558729944,-0.004204602707520949
2022-04-21,-0.002886335448085412,0.01422418575943378
2022-04-22,-0.009975359009834659,-0.015629681635329566
2022-04-25,0.024324354533204383,-0.041447304936684845
2022-04-26,-0.0071758324413457334,0.02575993289183499
2022-04-27,-0.014068637102578887,0.0031382445506436445
2022-04-28,0.0074407418540551485,0.021324340837676654
2022-04-29,-0.016487429055991935,0.016134587405812015
2022-05-02,-0.010136567796795417,0.00018293802282461695
2022-05-03,-0.001961182053266279,-0.04097059132004374
2022-05-04,0.010655803516748632,0.04807767161596495
2022-05-05,-0.01927444032524309,0.006876629822635739
2022-05-06,-0.002208812604823342,0.013346051984144815
2022-05-09,0.005428515483691793,-0.05910204093795928
2022-05-10,-0.0013544826950001637,-0.033400449585964186
2022-05-11,-0.005435801615598644,0.0481114167916044
2022-05-12,0.009830747760974779,-0.0005582916803352771
2022-05-13,-0.005751083269829115,0.03744735354943417
2022-05-16,0.006930923096802973,0.023828531655479327
2022-05-17,0.004147012679195325,-0.020427801264113685
2022-05-18,-0.018740792361190882,-0.025517125366746288
2022-05-19,-0.00892860350261431,0.026499405302423007
2022-05-20,0.017326395755125422,0.004541635904085434
2022-05-23,0.020209512695310017,0.007700131974436402
2022-05-24,0.01086354865214504,0.001233583664085708
2022-05-25,-0.009860980818181679,0.004130250858213941
2022-05-26,-0.0008912111965074719,0.029125359427098964
2022-05-27,0.009041973799235414,0.01714350784434354
2022-05-31,-0.008651920876932208,0.028152237524989805
2022-06-01,-0.010189345854207447,-0.05479558658284739
2022-06-02,-0.003156290525019649,0.011286991874821302
2022-06-03,-0.004129290865356766,0.01778162212824735
2022-06-06,-0.0001133665949346611,-0.001755625427116296
2022-06-07,0.01093778373587748,0.008830426844411531
2022-06-08,-0.005961590636850035,0.024658239851478504
2022-06-09,-0.02034296779265846,-0.004135437745036683
2022-06-10,-0.006700227976341908,-0.008650270608659244
2022-06-13,-0.010135275905523121,0.002128660605116997
2022-06-14,-0.015457519624662559,-0.009037183569031774
2022-06-15,0.010645450490179788,-0.022197139905881402
2022-06-16,0.0005290875308280699,0.010909771048394138
2022-06-17,-0.003651915890310933,-0.05745790784597767
2022-06-21,0.02073257263683047,0.01343479618441772
2022-06-22,0.015656186198277872,-0.0257092976997958
2022-06-23,0.022060615103659992,-0.015239889210017187
2022-06-24,0.014532454947631253,0.027514390725395313
2022-06-27,-0.0009328803447595904,0.017265172732358496
2022-06-28,-0.028855195017361574,0.024800747867469112
2022-06-29,0.0002825276273444663,-0.014686066380541369
2022-06-30,0.002933746017998232,-0.012550513806832026
2022-07-01,0.011259653571616433,-0.028088760418663237
2022-07-05,-0.007716837559338634,-0.08269635744985175
2022-07-06,0.0008978120117980071,-0.02044693479816956
2022-07-07,0.0011209303518105883,0.03857494929850827
2022-07-08,-0.0012331015276630531,0.022394238043018568
2022-07-11,0.00039263407468183417,0.0007472616906575689
2022-07-12,-0.014116570438615025,-0.07370584807701039
2022-07-13,-0.0023342291928296096,0.0008037962055985921
2022-07-14,0.0013668943584346364,-0.004731485396479105
2022-07-15,0.01441078819846386,0.020574032064347304
2022-07-18,-0.022698541542426738,0.049279535792956304
2022-07-19,-0.014685840313102862,0.0101115163148537
2022-07-20,-0.005724309641845401,-0.0040136359654806405
2022-07-21,0.0035084888519260624,-0.02903702985240456
2022-07-22,0.004717171973393229,-0.00637502081668352
2022-07-25,0.0019735051500309572,0.018719093183992758
2022-07-26,0.007049033157346175,-0.007158226595921476
2022-07-27,-0.0027674838106724175,0.021041447090854783
2022-07-28,0.005757150108384252,0.004865247600956311
2022-07-29,0.0018353760390553214,0.026434905413808087
2022-08-01,-0.0035014330090351146,-0.09510116137613675
2022-08-02,-0.005709041407528406,0.005085538576810537
2022-08-03,0.009611382128473454,-0.03811531861853275
2022-08-04,-0.016167593104244902,-0.027869755711131042
2022-08-05,-0.003966071251147112,0.00846381923619221
2022-08-08,-0.005332423500097765,0.018061809164957875
2022-08-09,-0.00011760414806307454,-0.0035240912187008587
2022-08-10,0.0028751175389456797,0.01125409609128211
2022-08-11,-0.02089998848097594,0.02233592295588594
2022-08-12,-0.011069805424196489,-0.014665213001615749
2022-08-15,0.0047677607066296404,-0.03156798276251662
2022-08-16,0.008871497738730926,-0.029451576086479567
2022-08-17,5.976756167187658e-05,0.01408706776364762
2022-08-18,-0.004845276520505945,0.030910733093725377
2022-08-19,0.015115647857408699,0.0013450406502932795
2022-08-22,-0.0035143309157044575,-0.002484451154574634
2022-08-23,-0.008749836118476094,0.038032013938850764
2022-08-24,-0.003316349617355094,0.009928596134019004
2022-08-25,0.009317617709735972,-0.018748105031027338
2022-08-26,-0.017260522362508916,0.01647320807076933
2022-08-29,-0.007761351655271505,0.039795610144567235
2022-08-30,-0.003502925361586321,-0.05657084469856467
2022-08-31,-0.006733231018582024,-0.028806892438682268
2022-09-01,0.02449012426258781,-0.043745362798202854
2022-09-02,-0.01585007397773634,0.007120496612959282
2022-09-06,0.002699897757264314,-0.0020446045709938813
2022-09-07,0.005439344138269297,-0.053433068658450766
2022-09-08,0.00801308875595209,0.012983546946802652
2022-09-09,0.0019329558222611703,0.0405571805358433
2022-09-12,-0.000422463801665311,0.012417240309151619
2022-09-13,-0.026364735487539426,-0.008869020460506088
2022-09-14,0.020430650824801184,0.009932268566332229
2022-09-15,0.0025475473823546235,-0.03525835345231483
2022-09-16,0.01514990972587201,0.005598589196845163
2022-09-19,-0.007906912195545358,0.007090310928680058
2022-09-20,-0.007909525454276995,-0.015113607501264396
2022-09-21,-0.010297244107993025,-0.0087559539231065
2022-09-22,0.017605018231029924,0.006988738304230189
2022-09-23,0.003244245775029784,-0.04881777324307592
2022-09-26,-0.006136818192223979,-0.024559180152468125
2022-09-27,-0.004597296439487677,0.025951073643184965
2022-09-28,0.008572549832162844,0.03474354937875978
2022-09-29,-0.011061212098153715,-0.009335896416966983
2022-09-30,-0.007136625658671579,-0.00600737186022392
2022-10-03,-0.0009798652885911728,0.01017994909834039
2022-10-04,0.014719507658565214,0.03255022649354366
2022-10-05,-0.0030840811917027047,0.016957793041949044
2022-10-06,-0.019571240059849962,0.01118277181354086
2022-10-07,-0.010617673700891108,0.03639790433903605
2022-10-10,0.0013101458096966012,-0.017825372518913758
2022-10-11,0.014359305692477623,-0.019950278358322568
2022-10-12,-0.00024575094970023684,-0.01970722436396925
2022-10-13,0.015007362685773025,0.022672372977124006
2022-10-14,-0.004186676248000143,-0.031581598798019375
2022-10-17,0.01286829676035076,-0.00010908056584828134
2022-10-18,-0.0034878105439798733,-0.017506683875033274
2022-10-19,-0.00798304351696312,0.026092302967340893
2022-10-20,0.0025470840710864,-0.0003247622577679754
2022-10-21,0.021569324298619113,0.01205096102353157
2022-10-24,0.013365388812059939,-0.0025701220082855075
2022-10-25,-0.0015803925284352852,0.00278396698210164
2022-10-26,0.008748396454505756,0.02293854403641692
2022-10-27,0.0005805018375426631,0.01318468757381007
2022-10-28,0.014747785988447101,-0.012349064397194071
2022-10-31,-0.00516001026073789,-0.009863614277041901
2022-11-01,-0.005071076438714909,-0.0018999404278392529
2022-11-02,-0.015487238317010755,0.01582761509378773
2022-11-03,0.0017002909900440716,-0.015616368071043172
2022-11-04,0.004441712817861774,0.04036981178196275
2022-11-07,0.008709284517824356,-0.00661615251679722
2022-11-08,0.004959292379438239,-0.026491590346980957
2022-11-09,-0.008027793876027195,-0.028830240516888532
2022-11-10,0.011645385250446127,0.010948978472458272
2022-11-11,-0.030375855393652337,0.024466049447618224
2022-11-14,0.015594190354793772,-0.03014026611955051
2022-11-15,0.002788135461180935,0.007700585867882412
2022-11-16,0.006187742774268513,-0.01071132770446804
2022-11-17,0.008038590229511082,-0.0337307694074084
2022-11-18,0.0076341400297090115,-0.02435290602491041
2022-11-21,0.005127639670219445,-0.001942147164834279
2022-11-22,0.004818866621245295,0.010352218892034339
2022-11-23,0.0010738681777036905,-0.03395615262459436
2022-11-25,0.001298418773323316,-0.02106095828350982
2022-11-28,0.0005077115614064144,-0.005275096908218839
2022-11-29,-0.007017180102537537,-0.0019252040711618236
2022-11-30,0.010788433400711629,0.028495357163772675
2022-12-01,0.004148626440405786,0.016830493836352312
2022-12-02,0.0007829787664210023,-0.015193073708535596
2022-12-05,-0.0005593092490736427,-0.03435701235896121
2022-12-06,-0.015103875776035176,-0.04110931076192464
2022-12-07,0.0060576691160358865,-0.027857671000724088
2022-12-08,0.00016924329112122591,-0.013305657362989486
2022-12-09,-0.008273336845945544,-0.0006568545623075724
2022-12-12,0.011878657044489893,0.024532341134655678
2022-12-13,0.007674085317766033,0.0339101309172322
2022-12-14,0.0030641827575171392,0.024728848259542788
2022-12-15,-0.01270824156127039,-0.01818118410735895
2022-12-16,-0.010307091213415978,-0.02708431599803939
2022-12-19,-0.001082154323318243,0.009569477675640188
2022-12-20,0.001082154323318204,0.0023780574561695464
2022-12-21,0.011376907933289356,0.027253664781615162
2022-12-22,-0.0036648561468552543,-0.014953012878251778
2022-12-23,0.002538541845897687,0.03566169021111702
2022-12-27,-0.0002817322624837168,0.004873753030527658
2022-12-28,-0.004348963250352631,-0.012769427875345952
2022-12-29,0.005081516220280693,-0.012083278652645926
2022-12-30,-0.00513845859671849,0.043415290505714015
2023-01-03,0.00868029817613135,-0.045362281404472925
2023-01-04,0.010828454211651295,-0.05328260704164598
2023-01-05,-0.007411007065636331,0.010860722741391757
2023-01-06,0.008076778354765134,-0.0015261702689100644
2023-01-09,-0.02624980940053957,0.013652112209752676
2023-01-10,-0.0023950131894476413,0.005633779511282356
2023-01-11,-0.0015998681231646481,0.03158092209098295
2023-01-12,-0.005044781312812071,0.01631710629751283
2023-01-13,-0.0032812262706493974,0.014766082690338429
2023-01-17,-0.0061887075236929275,0.007476663345923151
2023-01-18,-0.01519962967438401,-0.011000635260100597
2023-01-19,-0.0013558555558737498,0.013790101162426991
2023-01-20,-0.004670646904737073,0.01691729837309354
2023-01-23,-0.0025516053299637783,0.006370231858754159
2023-01-24,0.0,-0.023635854671285306
2023-01-25,0.007104415164358449,-0.00011604652362438913
2023-01-26,-0.003664355709487847,0.015554186998780214
2023-01-27,-0.003915568153866922,-0.009303432817319886
2023-01-30,-0.03773570309822943,-0.020518347280158923
2023-01-31,0.00872726439411674,-0.004840952409035302
2023-02-01,0.009136946989463641,-0.019722166560562585
2023-02-02,0.0037522082360179855,-0.008120742661005367
2023-02-03,-0.005633653362410591,-0.027513865835698557
2023-02-06,-0.007622760720992892,0.013049280060765575
2023-02-07,0.00024482190879856206,0.03279386133237484
2023-02-08,0.0012845020291034986,0.016589951606594107
2023-02-09,-0.013600012471971745,-0.0069579424602668775
2023-02-10,0.004636181875687523,0.022120386942592603
2023-02-13,0.0036933564033216327,0.0025433680843583014
2023-02-14,-0.004371978334350148,-0.01196365700558385
2023-02-15,-0.016614680259903456,-0.0023397832235956817
2023-02-16,-0.007115572093239861,-0.002814895929692619
2023-02-17,0.020662112343836022,-0.025456345434609125
2023-02-21,-0.0150132508880697,0.0006022650087355925
2023-02-22,-0.0013934017698452377,-0.02994424222425107
2023-02-23,-0.00031704383017631553,0.019778307446512242
2023-02-24,-0.01122104287420679,0.011489568999125942
2023-02-27,-0.0021823458987483687,-0.008574495034549408
2023-02-28,-0.015345567070004618,0.017314397590414445
2023-03-01,-0.004512151920610377,0.004994043394505118
2023-03-02,-0.0007869705480941674,0.005205293283469009
2023-03-03,0.010245836889071883,0.012662870803073278
2023-03-06,0.009949031640486113,0.004069518665203052
2023-03-07,-0.009494714033020468,-0.03410963078954278
2023-03-08,-0.007360184060046996,-0.007592651552424669
2023-03-09,-0.011308505715579611,-0.013029192830452355
2023-03-10,0.0024432655341387693,0.014479811017817028
2023-03-13,0.009518683174318377,-0.024580903681667994
2023-03-14,0.005602952462547356,-0.04197304043262951
2023-03-15,0.0027897985817965975,-0.04976538955026066
2023-03-16,-0.002075383256508762,0.01361291337557783
2023-03-17,-0.010769987316760155,-0.023431636778888522
2023-03-20,0.009860689291692088,0.011174818971111798
2023-03-21,0.0,0.02052246625975256
2023-03-22,-0.01862716082200686,0.018025653874279325
2023-03-23,0.0005294390505743353,-0.010222877340052953
2023-03-24,0.010007374923775384,-0.012193733445028545
2023-03-27,0.004249128664850147,0.040891398340551235
2023-03-28,-0.009701249029757362,0.006761507738184953
2023-03-29,0.009766395773333129,-0.00471552197134874
2023-03-30,0.000782250141080286,0.012567577567153402
2023-03-31,0.010180828382991457,0.006287747339412377
2023-04-03,0.011864905764979072,0.06267993954480063
2023-04-04,0.010401445750008394,0.00011776224265966554
2023-04-05,0.043944040930657596,0.0005884237476141602
2023-04-06,-0.0027813723356053177,0.0015284804850554277
2023-04-10,-0.005038319265762794,-0.011104690892808735
2023-04-11,-0.00030442344732158245,0.01684473891613557
2023-04-12,-0.0021329872513753223,0.01989196150887995
2023-04-13,0.013271856213007357,-0.01430084926100474
2023-04-14,-0.0016268685494242204,0.0025522198133720053
2023-04-17,-0.001025543503115757,-0.018121679341700548
2023-04-18,-0.02853141981567494,0.00011790841643929448
2023-04-19,0.00939617193946438,-0.01965628718527541
2023-04-20,0.0064395059457307245,-0.024602437527963324
2023-04-21,-0.0054555465885036515,0.006881388430661271
2023-04-24,0.006066675693019913,0.013018003041825897
2023-04-25,0.00912249535897138,-0.02397676588650626
2023-04-26,-0.015619564368596075,-0.0388789875052618
2023-04-27,0.0023339492438981123,0.008714655723814189
2023-04-28,0.004285339213395016,0.014818815178703067
2023-05-01,-0.0006109582570727398,-0.002895857977674831
2023-05-02,0.00870272996124794,-0.051618493574917
2023-05-03,-0.013174928963846482,-0.04050669356075285
2023-05-04,-0.004553791250870737,0.0023475556841534148
2023-05-05,0.0033864694577176485,0.0378936134732101
2023-05-08,-0.0022769144708511867,0.022455135956969324
2023-05-09,-0.007793156223963667,0.005568163203936219
2023-05-10,0.0037184955736517954,-0.013389848908174986
2023-05-11,-0.004091136068923255,-0.018892169507751317
2023-05-12,-0.0013053852629679307,-0.010861725017620418
2023-05-15,-0.00767950589462984,0.014190401133203993
2023-05-16,-0.001317075911396366,-0.004262690347822648
2023-05-17,-0.002198955757494124,0.026998352614726148
2023-05-18,-0.0032128938029444033,-0.014396250154790055
2023-05-19,0.002709536302870169,-0.003697822158463732
2023-05-22,-0.005403944408508048,0.005410002421646738
2023-05-23,-0.00038259339866047754,0.011123565671762762
2023-05-24,-0.0009569251008142791,0.019588310623949088
2023-05-25,-0.014466376426661222,-0.02716501842352968
2023-05-26,-0.00038868985819759085,0.0090072381840356
2023-05-30,0.00012954636592278594,-0.04532633230341153
2023-05-31,0.004459757918823998,-0.012038411128825931
2023-06-01,-0.0033592403603954647,0.022050642857019537
2023-06-02,0.01560188456946616,0.024600649189896188
2023-06-05,0.00856365252874119,0.007589696795694742
2023-06-06,-0.0008848295815609317,-0.005490185933531259
2023-06-07,0.0021472901655557454,0.00861394052315809
2023-06-08,0.010916536275738119,-0.012948946734587451
2023-06-09,-0.0015610778406955075,-0.015522675446445994
2023-06-12,-0.000687826666698269,-0.04024282542685017
2023-06-13,0.00523975993535651,0.033534992469377495
2023-06-14,0.005088296036946035,-0.014780986210825861
2023-06-15,0.01334214940741781,0.03318637723195084
2023-06-16,0.0030491395460443094,0.01234586798719033
2023-06-20,-0.0006089894733202655,-0.009310919990335008
2023-06-21,-0.0015243363463953686,0.015945981411292585
2023-06-22,0.010561463986045174,-0.03940749642651613
2023-06-23,-0.0008457184020573168,-0.003919201174645718
2023-06-26,-0.011242504479396342,0.0044585878599135926
2023-06-27,-0.002079971718144063,-0.026223820892829104
2023-06-28,-0.002022998171231206,0.024199644683097894
2023-06-29,0.006971343509723586,0.004178715641773948
2023-06-30,0.008615878099479885,0.0075047952879110525
2023-07-03,-0.013196905690182685,-0.003343366469748668
2023-07-05,-0.0033113023499762926,0.026439080799278942
2023-07-06,-0.007459539198234118,-0.0016975245228833234
2023-07-07,-0.014648874108612838,0.0251643009936496
2023-07-10,0.0016311568412264107,-0.009989821308381957
2023-07-11,-0.005532063676277353,0.021771807083405235
2023-07-12,-0.0034731948908321643,0.008902310375235674
2023-07-13,0.004607281541385198,0.015483061396223408
2023-07-14,0.0066523737688195935,-0.018483411924714224
2023-07-17,-0.00501660312004712,-0.017301722529090367
2023-07-18,-6.28081833381069e-05,0.014292246989190247
2023-07-19,-0.0020138160295566465,-0.0021371329129644834
2023-07-20,0.058955636779580066,0.0022627326675251384
2023-07-21,0.010692113346425346,0.017796503703153162
2023-07-24,0.005215852046295176,0.02039015997940446
2023-07-25,0.007627975942343423,0.010818732048397329
2023-07-26,0.0019125333083255907,-0.008645601777673694
2023-07-27,0.0056003585945716495,0.015793576981463792
2023-07-28,0.00453787254084989,0.008863734908595756
2023-07-31,-0.04064766366747281,0.0066842783043151765
2023-08-01,0.00808526520695769,-0.007625940539192455
2023-08-02,0.0060213128712319685,-0.020344603993196275
2023-08-03,0.004287185587315513,0.02304964208382635
2023-08-04,-0.0094207450587543,0.012837129158718088
2023-08-07,0.023734096866006426,-0.010490847542064018
2023-08-08,0.00046197939333314297,0.00967883315448493
2023-08-09,-0.0006353218024744773,0.015888025586827743
2023-08-10,-0.005213840507155533,-0.01322240011852869
2023-08-11,0.009710557401456526,0.004734100809510832
2023-08-14,-0.0023610743135836173,-0.006935624678057439
2023-08-15,-0.002887080254873015,-0.01542987604213354
2023-08-16,-0.0031854361657347677,-0.01710868002201762
2023-08-17,0.009353442658833946,0.007996769947312255
2023-08-18,-0.008773443155856457,0.008051195300307125
2023-08-21,-0.030251830819550338,-0.004017540119543759
2023-08-22,-0.00797914308328211,-0.005104175252888194
2023-08-23,-0.009015444621787697,-0.00980634150340838
2023-08-24,0.0033978763639305764,0.0018010634172059656
2023-08-25,0.014236216081542474,0.01334627436744794
2023-08-28,-0.011859535154739398,-0.0007105410298489207
2023-08-29,0.00012168057298826583,0.012595066385536209
2023-08-30,-0.00353618166748518,0.00431868485503026
2023-08-31,-0.012599548881379603,0.011579564228420476
2023-09-01,-0.0074497952799349645,0.01926976455899154
2023-09-05,0.0012454769834290243,0.01668662751402838
2023-09-06,-0.0167564974727128,0.006200170000464537
2023-09-07,0.012703036881634724,-0.007533830424774866
2023-09-08,0.00330636056201606,0.008085588251272815
2023-09-11,0.012994485181789842,-0.00011034404754931107
2023-09-12,0.005639996790539278,0.015544901883414508
2023-09-13,0.0025033372276195886,-0.0019571639416125454
2023-09-14,-0.0015257071128386218,0.019614808747168887
2023-09-15,-0.01408438008278065,0.002451670580472073
2023-09-18,0.006297973788583216,0.005308995251350648
2023-09-19,-0.0016632403925316904,-0.000953583468834282
2023-09-20,0.004367754030259862,-0.008623011642911986
2023-09-21,-0.007702556997834709,-0.0024620868326142493
2023-09-22,-0.007201373581417445,-0.00032166381518153125
2023-09-25,-0.0014965328740633554,0.00021445403944449448
2023-09-26,-0.007767464222526524,0.00715621926026553
2023-09-27,-0.012083727015383246,0.02719189043566586
2023-09-28,-0.001465029898011245,-0.01219215640870612
2023-09-29,-0.007229050111386088,-0.000734172739764712
2023-10-02,-0.003859840783968508,-0.04946711680015964
2023-10-03,0.0012238889446065087,0.002312384311208917
2023-10-04,0.0011582195187232903,-0.05784445747743051
2023-10-05,0.010362667864960007,-0.020485739850541352
2023-10-06,0.0031768526197572967,0.0060480721759471005
2023-10-09,0.0056928882553868845,0.041342072460773795
2023-10-10,-0.0011359487390101765,-0.005688297377890518
2023-10-11,-0.01386178995978669,-0.021099552768635614
2023-10-12,0.000960086941772984,0.0020952202461273933
2023-10-13,0.0033207547808049133,0.05530268116189383
2023-10-16,0.004325952785072527,-0.013736760343859317
2023-10-17,-0.009183190145205505,0.002784741379101311
2023-10-18,-0.021761164530378872,0.017641013830832122
2023-10-19,-0.002687940673054293,0.009571502989634184
2023-10-20,0.0044543205042442465,-0.0023842385870995763
2023-10-23,-0.010578638449168846,-0.02560722105934074
2023-10-24,-0.0010575272722696276,-0.019787066272451515
2023-10-25,0.0022458462836370875,0.023121092742539415
2023-10-26,-0.01710132456144758,-0.024711995233179105
2023-10-27,-0.02308301473660203,0.02858782204767423
2023-10-30,0.009773366518026535,-0.034061702341815374
2023-10-31,0.008870255961720157,-0.0004574320792700818
2023-11-01,0.0023567800705579173,-0.03232095326015307
2023-11-02,0.010370369912886389,0.02589369388997017
2023-11-03,0.007294845870182375,-0.022826181558019014
2023-11-06,0.0023760115742918137,0.0034103745178185787
2023-11-07,-0.005287587807651123,-0.04281485711775027
2023-11-08,-0.003651354798290155,-0.02569175967021311
2023-11-09,-0.019680303967756725,0.005891602271755378
2023-11-10,-0.0011537992105460522,0.017592105665171297
2023-11-13,0.0025773562324141884,0.01329688829606105
2023-11-14,0.0002031099978825706,-0.0006060418757600274
2023-11-15,0.0076908939353187355,-0.015765690477047935
2023-11-16,0.008698609232219804,-0.04742379367142417
2023-11-17,-0.002067540791743192,0.04037759736859441
2023-11-20,0.008777061634566433,0.020991368951435316
2023-11-21,0.00803900621624369,0.0015779241735657725
2023-11-22,-0.0019870846081313062,-0.005960699791888676
2023-11-23,,-0.0072246237374829205
2023-11-24,0.011077541174359551,-0.0097561859761599
2023-11-27,-0.008032229423321387,-0.007473857095805239
2023-11-28,0.002310943429550881,0.021032532201811928
2023-11-29,0.003160576806678428,0.017235505906795515
2023-11-30,0.01662526636247524,-0.0032543467830918964
2023-12-01,0.023768066686371225,-0.048862661241722664
2023-12-04,0.0031519838649768945,-0.01083432298998088
2023-12-05,-0.0020792078450151243,-0.01069393498445855
2023-12-06,-0.012247574182717698,-0.03828842470301902
2023-12-07,-0.007820009179442087,-0.003370410871237661
2023-12-08,-0.0063262439279738155,0.023885227733526745
2023-12-11,0.004135977797913064,0.002502173525341683
2023-12-12,6.454643367081229e-05,-0.03738629254602788
2023-12-13,0.004632184791947517,0.013830786877068277
2023-12-14,0.0069085368852642905,0.03115514697988543
2023-12-15,-0.010960585712083104,-0.0007834625258309145
2023-12-18,0.0018029819021281863,0.018123394383693637
2023-12-19,0.006540581099245061,0.016287500993037524
2023-12-20,-0.020599265776861372,0.005914490158980527
2023-12-21,0.010191135280779686,-0.0038971394566000637
2023-12-22,0.003996223641351038,-0.004038875825735407
2023-12-26,0.004364511118698189,0.02497944301199581
2023-12-27,0.0013441560567592859,-0.017670919721909782
2023-12-28,0.001469909115867734,-0.015945695098815653
2023-12-29,0.0010213451404500497,-0.017371581040878995
